Unnamed: 0.1,index,Unnamed: 0,SMILES,RT,Speed,i-PrOH_proportion,Literature,Column,alpha,beta
148,77,151,CCCCCCCCCC[C@@H]1OCCc2ccccc12,4.6,0.8,0.01,10.1002/anie.201916677,IF,1.065217391304348,1.3076923076923086
149,77,152,CCCCCCCCCC[C@H]1OCCc2ccccc12,4.9,0.8,0.01,10.1002/anie.201916677,IF,1.065217391304348,1.3076923076923086
160,84,164,CCCC[C@@H]1OCCc2ccccc12,4.7,0.8,0.01,10.1002/anie.201916677,IF,1.0638297872340423,1.27906976744186
161,84,165,CCCC[C@H]1OCCc2ccccc12,5.0,0.8,0.01,10.1002/anie.201916677,IF,1.0638297872340423,1.27906976744186
222,116,227,C[C@@H]1OCCc2ccc(C)cc12,5.1,1.0,0.01,10.1002/anie.201916677,IF,1.058823529411765,1.136363636363637
223,116,228,C[C@H]1OCCc2ccc(C)cc12,5.4,1.0,0.01,10.1002/anie.201916677,IF,1.058823529411765,1.136363636363637
224,117,229,C[C@@H]1OCCc2ccccc12,5.1,0.8,0.01,10.1002/anie.201916677,IF,1.058823529411765,1.2033898305084747
225,117,230,C[C@H]1OCCc2ccccc12,5.4,0.8,0.01,10.1002/anie.201916677,IF,1.058823529411765,1.2033898305084747
258,135,264,C[C@@H]1OCCc2c(C)cccc12,5.3,0.8,0.01,10.1002/anie.201916677,IF,1.0566037735849056,1.1791044776119397
259,135,265,C[C@H]1OCCc2c(C)cccc12,5.6,0.8,0.01,10.1002/anie.201916677,IF,1.0566037735849056,1.1791044776119397
594,315,612,C(CC[C@@H]1OCCc2ccccc12)COCc3ccccc3,6.5,0.8,0.01,10.1002/anie.201916677,IF,1.0923076923076922,1.2086956521739127
595,315,613,C(CC[C@H]1OCCc2ccccc12)COCc3ccccc3,7.1,0.8,0.01,10.1002/anie.201916677,IF,1.0923076923076922,1.2086956521739127
778,419,808,C1Cc2ccccc2[C@@H](O1)c3ccccc3,6.9,0.8,0.01,10.1002/anie.201916677,IF,1.1304347826086956,1.2748091603053433
779,419,809,C1Cc2ccccc2[C@H](O1)c3ccccc3,7.8,0.8,0.01,10.1002/anie.201916677,IF,1.1304347826086956,1.2748091603053433
2056,1124,2152,CCCCCCC1=Cc2ccccc2[C@@H](N1c3ccc(OC(C)C)cc3)[P](=O)(OC)OC,10.547,0.5,0.3,10.1021/acs.orglett.0c02487,IF,1.1126386650232292,1.2502633242047607
2057,1124,2153,CCCCCCC1=Cc2ccccc2[C@H](N1c3ccc(OC(C)C)cc3)[P](=O)(OC)OC,11.735,0.5,0.3,10.1021/acs.orglett.0c02487,IF,1.1126386650232292,1.2502633242047607
2092,1144,2191,CO[P](=O)(OC)[C@H]1N(c2ccc(OC(C)C)cc2)C(=Cc3ccccc13)c4ccccc4C,11.801,0.5,0.4,10.1021/acs.orglett.0c02487,IF,1.1315142784509786,1.2586235627395432
2093,1144,2190,CO[P](=O)(OC)[C@@H]1N(c2ccc(OC(C)C)cc2)C(=Cc3ccccc13)c4ccccc4C,13.353,0.5,0.4,10.1021/acs.orglett.0c02487,IF,1.1315142784509786,1.2586235627395432
2270,1239,2374,CO[P](=O)(OC)[C@@H]1N(c2ccc(OC(C)C)cc2)C(=C(Br)c3ccccc13)c4ccccc4,10.847,0.5,0.4,10.1021/acs.orglett.0c02487,IF,1.1468608831935097,1.3156330493362394
2271,1239,2375,CO[P](=O)(OC)[C@H]1N(c2ccc(OC(C)C)cc2)C(=C(Br)c3ccccc13)c4ccccc4,12.44,0.5,0.4,10.1021/acs.orglett.0c02487,IF,1.1468608831935097,1.3156330493362394
2590,1409,2704,CO[P](=O)(OC)[C@@H]1N(c2ccc(OC(C)C)cc2)C(=C(I)c3ccccc13)c4ccccc4,11.386,0.5,0.4,10.1021/acs.orglett.0c02487,IF,1.1919901633585104,1.3913354815610457
2591,1409,2705,CO[P](=O)(OC)[C@H]1N(c2ccc(OC(C)C)cc2)C(=C(I)c3ccccc13)c4ccccc4,13.572,0.5,0.4,10.1021/acs.orglett.0c02487,IF,1.1919901633585104,1.3913354815610457
2648,1439,2764,CO[P](=O)(OC)[C@H]1N(c2ccc(OC(C)C)cc2)C(=Cc3ccccc13)c4sccc4,13.707,0.5,0.4,10.1021/acs.orglett.0c02487,IF,1.6905230903917705,2.1970405969394204
2649,1439,2763,CO[P](=O)(OC)[C@@H]1N(c2ccc(OC(C)C)cc2)C(=Cc3ccccc13)c4sccc4,23.172,0.5,0.4,10.1021/acs.orglett.0c02487,IF,1.6905230903917705,2.1970405969394204
2650,1440,2766,CO[P](=O)(OC)[C@H]1N(c2ccccc2)C(=Cc3ccccc13)c4ccc(C)cc4,13.712,0.5,0.4,10.1021/acs.orglett.0c02487,IF,1.3035297549591598,1.5260364004044489
2651,1440,2765,CO[P](=O)(OC)[C@@H]1N(c2ccccc2)C(=Cc3ccccc13)c4ccc(C)cc4,17.874,0.5,0.4,10.1021/acs.orglett.0c02487,IF,1.3035297549591598,1.5260364004044489
2784,1517,2910,CO[P](=O)(OC)[C@H]1N(c2ccccc2)C(=Cc3ccccc13)c4ccc(Cl)cc4,14.223,0.5,0.4,10.1021/acs.orglett.0c02487,IF,1.2683681361175558,1.4531639558352123
2785,1517,2909,CO[P](=O)(OC)[C@@H]1N(c2ccccc2)C(=Cc3ccccc13)c4ccc(Cl)cc4,18.04,0.5,0.4,10.1021/acs.orglett.0c02487,IF,1.2683681361175558,1.4531639558352123
3380,1831,3522,C[C@](CNC(=O)c1ccccc1)(Cc2ccccc2)C(=S)N3CCCCC3,16.34,1.0,0.1,10.1002/anie.201915949,IF,1.4033047735618116,1.4903273809523812
3381,1831,3521,C[C@@](CNC(=O)c1ccccc1)(Cc2ccccc2)C(=S)N3CCCCC3,22.93,1.0,0.1,10.1002/anie.201915949,IF,1.4033047735618116,1.4903273809523812
3822,2068,3980,CCOC(=O)c1[nH]cc(c1)C([C@H](C#C)c2cscc2)C(=O)OCc3ccccc3,18.57,1.0,0.1,10.1021/jacs.7b08207,IF,1.0829294561120086,1.0982769623484363
3823,2068,3979,CCOC(=O)c1[nH]cc(c1)C([C@@H](C#C)c2cscc2)C(=O)OCc3ccccc3,20.11,1.0,0.1,10.1021/jacs.7b08207,IF,1.0829294561120086,1.0982769623484363
3980,2152,4142,CC1(C)CN(C(=O)Nc2cccc(Br)c2)[C@](Cc3ccc(cc3)[S](C)(=O)=O)(C1)c4ccccc4,17.1,0.7,0.3,10.6023/A18100413,IF,1.134502923976608,1.1775082690187428
3981,2152,4143,CC1(C)CN(C(=O)Nc2cccc(Br)c2)[C@@](Cc3ccc(cc3)[S](C)(=O)=O)(C1)c4ccccc4,19.4,0.7,0.3,10.6023/A18100413,IF,1.134502923976608,1.1775082690187428
4150,2241,4316,CO[P](=O)(OC)[C@@H]1N(c2ccc(OC(C)C)cc2)C(=Cc3ncccc13)c4ccccc4,18.304,0.5,0.3,10.1021/acs.orglett.0c02487,IF,1.1027644230769231,1.1504318618042226
4151,2241,4317,CO[P](=O)(OC)[C@H]1N(c2ccc(OC(C)C)cc2)C(=Cc3ncccc13)c4ccccc4,20.185,0.5,0.3,10.1021/acs.orglett.0c02487,IF,1.1027644230769231,1.1504318618042226
5238,2821,5441,CC[C@H](C#Cc1ccc(cc1)C(=O)OC)c2ccccc2,29.1,0.3,0.01,10.1038/s41557/019/0346/2,IF,1.1164948453608248,1.1744425385934818
5239,2821,5440,CC[C@@H](C#Cc1ccc(cc1)C(=O)OC)c2ccccc2,32.49,0.3,0.01,10.1038/s41557/019/0346/2,IF,1.1164948453608248,1.1744425385934818
5438,2931,5650,CC1(C)CN(C(=O)Nc2cccc(c2)C(F)(F)F)[C@](Cc3ccc(cc3)[S](C)(=O)=O)(C1)c4ccccc4,22.2,0.7,0.2,10.6023/A18100413,IF,1.4189189189189189,1.5150316455696202
5439,2931,5651,CC1(C)CN(C(=O)Nc2cccc(c2)C(F)(F)F)[C@@](Cc3ccc(cc3)[S](C)(=O)=O)(C1)c4ccccc4,31.5,0.7,0.2,10.6023/A18100413,IF,1.4189189189189189,1.5150316455696202
6362,3421,6602,COC(=O)C[C@]1(C(=O)N(C(=O)OC(C)(C)C)c2ccccc12)[C@]3(Cc4occc4)C(=O)Nc5ccccc35,7.8,1.0,0.2,10.31635/ccschem.020.202000443,IF,1.2820512820512822,1.4489795918367343
6363,3421,6603,COC(=O)C[C@@]1(C(=O)N(C(=O)OC(C)(C)C)c2ccccc12)[C@]3(Cc4occc4)C(=O)Nc5ccccc35,10.0,1.0,0.2,10.31635/ccschem.020.202000443,IF,1.2820512820512822,1.4489795918367343
6494,3499,6747,CC(C)(C)OC(=O)[C@@](O)(SCc1ccc(Br)cc1)[Si](C)(C)c2ccccc2,10.12,1.0,0.03,10.1039/D1SC01096D,IF,1.744071146245059,2.042936288088643
6495,3499,6746,CC(C)(C)OC(=O)[C@](O)(SCc1ccc(Br)cc1)[Si](C)(C)c2ccccc2,17.65,1.0,0.03,10.1039/D1SC01096D,IF,1.744071146245059,2.042936288088643
6658,3596,6925,Cc1cccc(C)c1[P@](=O)(CC(=C)C(=O)OCc2ccccc2)c3cc(cc(c3)C(C)(C)C)C(C)(C)C,8.2,0.8,0.2,10.1039/D0SC04041J,IF,1.25609756097561,1.459016393442623
6659,3596,6926,Cc1cccc(C)c1[P@@](=O)(CC(=C)C(=O)OCc2ccccc2)c3cc(cc(c3)C(C)(C)C)C(C)(C)C,10.3,0.8,0.2,10.1039/D0SC04041J,IF,1.25609756097561,1.459016393442623
6694,3617,6965,CCCCCS[C@](O)(C(=O)OC(C)(C)C)[Si](C)(c1ccccc1)c2ccccc2,10.34,1.0,0.01,10.1039/D1SC01096D,IF,2.0212765957446805,2.419354838709677
6695,3617,6964,CCCCCS[C@@](O)(C(=O)OC(C)(C)C)[Si](C)(c1ccccc1)c2ccccc2,20.9,1.0,0.01,10.1039/D1SC01096D,IF,2.0212765957446805,2.419354838709677
6798,3681,7080,Cc1nn(C(=O)/C=C/[C@@H](N2CCc3ccccc3C2)c4ccccc4)c(C)c1C,7.766,1.0,0.02,10.1021/jacs.1c04367,IF,1.3472830285861446,1.5542540073982736
6799,3681,7081,Cc1nn(C(=O)/C=C/[C@H](N2CCc3ccccc3C2)c4ccccc4)c(C)c1C,10.463,1.0,0.02,10.1021/jacs.1c04367,IF,1.3472830285861446,1.5542540073982736
6834,3706,7124,CC[C@@H](c1ccccc1)c2oc(nn2)c3ccccc3,10.5,1.0,0.1,10.1002/anie.202009527,IF,1.2,1.276315789473684
6835,3706,7123,CC[C@H](c1ccccc1)c2oc(nn2)c3ccccc3,12.6,1.0,0.1,10.1002/anie.202009527,IF,1.2,1.276315789473684
7088,3870,7414,C[C@@]1(CCOc2ccccc12)Cc3ccccc3,10.4,0.5,0.01,10.1002/anie.201907840,IF,1.0384615384615383,1.0869565217391306
7089,3870,7415,C[C@]1(CCOc2ccccc12)Cc3ccccc3,10.8,0.5,0.01,10.1002/anie.201907840,IF,1.0384615384615383,1.0869565217391306
7092,3872,7419,C1Oc2ccccc2[C@@]1(CC#Cc3ccccc3)c4ccccc4,10.8,0.5,0.01,10.1002/anie.201913367,IF,1.074074074074074,1.1599999999999997
7093,3872,7418,C1Oc2ccccc2[C@]1(CC#Cc3ccccc3)c4ccccc4,11.6,0.5,0.01,10.1002/anie.201913367,IF,1.074074074074074,1.1599999999999997
7146,3905,7479,CC(C)c1cc(C(C)C)c(c(c1)C(C)C)[S](=O)(=O)N2CCc3c([nH]c4cc(Br)ccc34)[C@@H]2C=C,10.85,0.6,0.1,10.1002/anie.201709595,IF,1.0847926267281105,1.1529085872576177
7147,3905,7478,CC(C)c1cc(C(C)C)c(c(c1)C(C)C)[S](=O)(=O)N2CCc3c([nH]c4cc(Br)ccc34)[C@H]2C=C,11.77,0.6,0.1,10.1002/anie.201709595,IF,1.0847926267281105,1.1529085872576177
7172,3918,7504,Cc1cc2OCC[C@](C)(Cc3ccccc3)c2cc1C,10.0,0.5,0.01,10.1002/anie.201907840,IF,1.09,1.2142857142857144
7173,3918,7505,Cc1cc2OCC[C@@](C)(Cc3ccccc3)c2cc1C,10.9,0.5,0.01,10.1002/anie.201907840,IF,1.09,1.2142857142857144
7194,3930,7528,CCOC(=O)[C@@H]1O[C@]1(C(=O)OC)C(=Nc2ccccc2)C(=O)c3cccc(C)c3,10.9,1.0,0.1,10.1021/acs.orglett.0c02108,IF,1.2027522935779815,1.27625
7195,3930,7527,CCOC(=O)[C@H]1O[C@]1(C(=O)OC)C(=Nc2ccccc2)C(=O)c3cccc(C)c3,13.11,1.0,0.1,10.1021/acs.orglett.0c02108,IF,1.2027522935779815,1.27625
7276,3980,7619,CCOC(=O)[C@@H]1O[C@]1(C(=O)OC(C)C)C(=Nc2ccccc2)C(=O)c3ccccc3,10.99,1.0,0.1,10.1021/acs.orglett.0c02108,IF,1.268425841674249,1.3646477132262052
7277,3980,7618,CCOC(=O)[C@H]1O[C@]1(C(=O)OC(C)C)C(=Nc2ccccc2)C(=O)c3ccccc3,13.94,1.0,0.1,10.1021/acs.orglett.0c02108,IF,1.268425841674249,1.3646477132262052
7430,4086,7802,COc1ccc2N(C[C@](Cc3ccccc3)(C(C)C)c2c1)C(=O)OC(C)(C)C,11.1,0.5,0.05,10.1002/anie.201907840,IF,1.1441441441441442,1.30188679245283
7431,4086,7801,COc1ccc2N(C[C@@](Cc3ccccc3)(C(C)C)c2c1)C(=O)OC(C)(C)C,12.7,0.5,0.05,10.1002/anie.201907840,IF,1.1441441441441442,1.30188679245283
7510,4137,7893,CC(C)[C@@]1(CI)CN(C(=O)OC(C)(C)C)c2ccccc12,11.2,0.5,0.01,10.1021/jacs.9b04332,IF,1.0535714285714286,1.1111111111111114
7511,4137,7892,CC(C)[C@]1(CI)CN(C(=O)OC(C)(C)C)c2ccccc12,11.8,0.5,0.01,10.1021/jacs.9b04332,IF,1.0535714285714286,1.1111111111111114
7628,4210,8025,CC[C@@H](c1ccccc1)c2oc(nn2)c3ccc(OC)cc3,11.3,1.0,0.2,10.1002/anie.202009527,IF,1.2743362831858407,1.369047619047619
7629,4210,8024,CC[C@H](c1ccccc1)c2oc(nn2)c3ccc(OC)cc3,14.4,1.0,0.2,10.1002/anie.202009527,IF,1.2743362831858407,1.369047619047619
7826,4342,8256,Cc1cccc(C[C@]2(COc3ccccc23)Cc4ccccc4)c1,11.5,0.5,0.01,10.1002/anie.201907840,IF,1.0521739130434782,1.1052631578947367
7827,4342,8255,Cc1cccc(C[C@@]2(COc3ccccc23)Cc4ccccc4)c1,12.1,0.5,0.01,10.1002/anie.201907840,IF,1.0521739130434782,1.1052631578947367
7944,4411,8384,CC[C@@H](c1ccccc1)c2oc(nn2)c3ccccc3C,11.6,1.0,0.05,10.1002/anie.202009527,IF,1.1120689655172415,1.149425287356322
7945,4411,8383,CC[C@H](c1ccccc1)c2oc(nn2)c3ccccc3C,12.9,1.0,0.05,10.1002/anie.202009527,IF,1.1120689655172415,1.149425287356322
8124,4522,8585,Cc1cc2OC[C@@](C)(CC#Cc3ccccc3)c2cc1C,11.8,0.5,0.005,10.1002/anie.201913367,IF,1.042372881355932,1.0833333333333333
8125,4522,8584,Cc1cc2OC[C@](C)(CC#Cc3ccccc3)c2cc1C,12.3,0.5,0.005,10.1002/anie.201913367,IF,1.042372881355932,1.0833333333333333
8140,4530,8601,CC[C@@H](c1cccc(C)c1)c2oc(nn2)c3ccc(OC)cc3,11.8,1.0,0.15,10.1002/anie.202009527,IF,1.1864406779661016,1.247191011235955
8141,4530,8600,CC[C@H](c1cccc(C)c1)c2oc(nn2)c3ccc(OC)cc3,14.0,1.0,0.15,10.1002/anie.202009527,IF,1.1864406779661016,1.247191011235955
8206,4570,8674,CCOC(=O)[C@@H]1O[C@]1(C(=O)OCC)C(=Nc2ccccc2)C(=O)c3ccccc3,11.87,1.0,0.1,10.1021/acs.orglett.0c02108,IF,1.2805391743892165,1.37123745819398
8207,4570,8673,CCOC(=O)[C@H]1O[C@]1(C(=O)OCC)C(=Nc2ccccc2)C(=O)c3ccccc3,15.2,1.0,0.1,10.1021/acs.orglett.0c02108,IF,1.2805391743892165,1.37123745819398
8330,4649,8814,Cc1cccc(C[C@]2(COc3ccccc23)Cc4ccccc4)c1,11.4,0.5,0.01,10.1002/anie.201907840,IF,1.0526315789473684,1.107142857142857
8331,4649,8815,Cc1cccc(C[C@@]2(COc3ccccc23)Cc4ccccc4)c1,12.0,0.5,0.01,10.1002/anie.201907840,IF,1.0526315789473684,1.107142857142857
8352,4662,8839,COc1ccc(cc1)c2oc(nn2)[C@@H](CCCO[Si](c3ccccc3)(c4ccccc4)C(C)(C)C)c5ccccc5,12.0,1.0,0.15,10.1002/anie.202009527,IF,1.4083333333333332,1.5384615384615383
8353,4662,8838,COc1ccc(cc1)c2oc(nn2)[C@H](CCCO[Si](c3ccccc3)(c4ccccc4)C(C)(C)C)c5ccccc5,16.9,1.0,0.15,10.1002/anie.202009527,IF,1.4083333333333332,1.5384615384615383
8562,4787,9069,C[C@](CC(=C)c1ccccc1)(C=O)c2ccc(Br)cc2,12.218,1.0,0.03,10.1016/j.chempr.2018.03.010,IF,1.0555737436568997,1.072869714531015
8563,4787,9068,C[C@@](CC(=C)c1ccccc1)(C=O)c2ccc(Br)cc2,12.897,1.0,0.03,10.1016/j.chempr.2018.03.010,IF,1.0555737436568997,1.072869714531015
8580,4799,9090,CCOC(=O)[C@@H]1O[C@]1(C(=O)OC)C(=Nc2ccccc2)C(=O)c3ccccc3,12.28,1.0,0.1,10.1021/acs.orglett.0c02108,IF,1.2557003257328991,1.3347547974413647
8581,4799,9089,CCOC(=O)[C@H]1O[C@]1(C(=O)OC)C(=Nc2ccccc2)C(=O)c3ccccc3,15.42,1.0,0.1,10.1021/acs.orglett.0c02108,IF,1.2557003257328991,1.3347547974413647
8684,4864,9206,Cc1cc2OCC[C@](C)(Cc3csc4ccccc34)c2cc1C,11.0,0.5,0.01,10.1002/anie.201907840,IF,1.1272727272727272,1.2692307692307694
8685,4864,9207,Cc1cc2OCC[C@@](C)(Cc3csc4ccccc34)c2cc1C,12.4,0.5,0.01,10.1002/anie.201907840,IF,1.1272727272727272,1.2692307692307694
8796,4929,9327,C[C@@]1(COc2ccccc12)Cc3cccc(c3)c4ccccc4,11.2,0.5,0.01,10.1002/anie.201907840,IF,1.1160714285714286,1.240740740740741
8797,4929,9328,C[C@]1(COc2ccccc12)Cc3cccc(c3)c4ccccc4,12.5,0.5,0.01,10.1002/anie.201907840,IF,1.1160714285714286,1.240740740740741
8910,4998,9454,CC(C)[C@@]1(CI)CN(C(=O)OC(C)(C)C)c2ccc(C)cc12,12.6,0.5,0.01,10.1021/jacs.9b04332,IF,1.238095238095238,1.4411764705882355
8911,4998,9453,CC(C)[C@]1(CI)CN(C(=O)OC(C)(C)C)c2ccc(C)cc12,15.6,0.5,0.01,10.1021/jacs.9b04332,IF,1.238095238095238,1.4411764705882355
9096,5103,9652,CC(C)[C@@]1(CI)CN(C(=O)OC(C)(C)C)c2ccc(Cl)cc12,12.8,0.5,0.01,10.1021/jacs.9b04332,IF,1.3671875,1.671428571428571
9097,5103,9651,CC(C)[C@]1(CI)CN(C(=O)OC(C)(C)C)c2ccc(Cl)cc12,17.5,0.5,0.01,10.1021/jacs.9b04332,IF,1.3671875,1.671428571428571
9122,5118,9679,CC(\C=C\c1ccccc1)[C@](C)(CO)c2ccccc2,8.536,1.0,0.05,10.1021/acs.orglett.8b00740,IF,1.504100281162137,1.7634847409510293
9123,5118,9680,CC(\C=C\c1ccccc1)[C@@](C)(CO)c2ccccc2,12.839,1.0,0.05,10.1021/acs.orglett.8b00740,IF,1.504100281162137,1.7634847409510293
9128,5121,9686,CCOC(=O)[C@@H]1O[C@]1(C(=O)OC)C(=Nc2ccccc2)C(=O)c3ccc(cc3)c4ccccc4,12.85,1.0,0.1,10.1021/acs.orglett.0c02108,IF,1.233463035019455,1.3015075376884422
9129,5121,9685,CCOC(=O)[C@H]1O[C@]1(C(=O)OC)C(=Nc2ccccc2)C(=O)c3ccc(cc3)c4ccccc4,15.85,1.0,0.1,10.1021/acs.orglett.0c02108,IF,1.233463035019455,1.3015075376884422
9158,5137,9716,COc1ccc(C[C@@]2(C)CCOc3cc(C)c(C)cc23)cc1,12.3,0.5,0.01,10.1002/anie.201907840,IF,1.048780487804878,1.0923076923076922
9159,5137,9717,COc1ccc(C[C@]2(C)CCOc3cc(C)c(C)cc23)cc1,12.9,0.5,0.01,10.1002/anie.201907840,IF,1.048780487804878,1.0923076923076922
9300,5231,9881,Cc1nn(C(=O)C=C[C@@H](N(CCC#N)Cc2ccccc2)c3ccccc3)c(C)c1C,11.515,1.0,0.05,10.1021/jacs.1c04367,IF,1.1301780286582717,1.1739988392338945
9301,5231,9882,Cc1nn(C(=O)C=C[C@H](N(CCC#N)Cc2ccccc2)c3ccccc3)c(C)c1C,13.014,1.0,0.05,10.1021/jacs.1c04367,IF,1.1301780286582717,1.1739988392338945
9352,5261,9938,COc1ccc(cc1)c2oc(nn2)[C@@H](CC(C)C)c3ccccc3,13.1,1.0,0.15,10.1002/anie.202009527,IF,1.297709923664122,1.3823529411764706
9353,5261,9937,COc1ccc(cc1)c2oc(nn2)[C@H](CC(C)C)c3ccccc3,17.0,1.0,0.15,10.1002/anie.202009527,IF,1.297709923664122,1.3823529411764706
9506,5348,10102,CC[C@H](c1oc(nn1)c2ccc(OC)cc2)c3ccc(F)cc3,13.3,1.0,0.15,10.1002/anie.202009527,IF,1.3233082706766917,1.4134615384615383
9507,5348,10101,CC[C@@H](c1oc(nn1)c2ccc(OC)cc2)c3ccc(F)cc3,17.6,1.0,0.15,10.1002/anie.202009527,IF,1.3233082706766917,1.4134615384615383
9572,5384,10170,COC(=O)N1C[C@](C)(CI)c2ccccc12,12.5,0.5,0.1,10.1021/jacs.9b04332,IF,1.072,1.1343283582089552
9573,5384,10171,COC(=O)N1C[C@@](C)(CI)c2ccccc12,13.4,0.5,0.1,10.1021/jacs.9b04332,IF,1.072,1.1343283582089552
9660,5443,10274,C=C[C@@H]1N(S(=O)(C2=C(C(C)C)C=C(C(C)C)C=C2C(C)C)=O)CCC3=C1NC4=C3C=C(OCC5=CC=CC=C5)C=C4,13.54,0.6,0.1,10.1002/anie.201709595,IF,1.410635155096012,1.6385911179173054
9661,5443,10273,C=C[C@H]1N(S(=O)(C2=C(C(C)C)C=C(C(C)C)C=C2C(C)C)=O)CCC3=C1NC4=C3C=C(OCC5=CC=CC=C5)C=C4,19.1,0.6,0.1,10.1002/anie.201709595,IF,1.410635155096012,1.6385911179173054
9668,5447,10281,CN(Cc1ccccc1)[C@H](\C=C\C(=O)n2nc(C)c(C)c2C)c3ccc4OCOc4c3,12.496,1.0,0.02,10.1021/jacs.1c04367,IF,1.0849871959026889,1.1106711129637348
9669,5447,10282,CN(Cc1ccccc1)[C@@H](\C=C\C(=O)n2nc(C)c(C)c2C)c3ccc4OCOc4c3,13.558,1.0,0.02,10.1021/jacs.1c04367,IF,1.0849871959026889,1.1106711129637348
9766,5512,10395,CC[C@@H](c1ccccc1)c2oc(nn2)c3ccc(OC)cc3,10.9,1.0,0.196078431,10.1002/anie.202009527,IF,1.256880733944954,1.35
9767,5512,10396,CC[C@H](c1ccccc1)c2oc(nn2)c3ccc(OC)cc3,13.7,1.0,0.196078431,10.1002/anie.202009527,IF,1.256880733944954,1.35
9902,5591,10543,CCCCC[C@@H](c1ccccc1)c2oc(nn2)c3ccc(OC)cc3,13.8,1.0,0.15,10.1002/anie.202009527,IF,1.2681159420289854,1.3394495412844036
9903,5591,10542,CCCCC[C@H](c1ccccc1)c2oc(nn2)c3ccc(OC)cc3,17.5,1.0,0.15,10.1002/anie.202009527,IF,1.2681159420289854,1.3394495412844036
9940,5619,10589,C[C@@]1(COc2ccccc12)CC3CC3,12.7,0.75,0.0,10.1002/anie.201907840,IF,1.094488188976378,1.135849056603774
9941,5619,10590,C[C@]1(COc2ccccc12)CC3CC3,13.9,0.75,0.0,10.1002/anie.201907840,IF,1.094488188976378,1.135849056603774
10050,5687,10713,CC[C@H](c1oc(nn1)c2ccc(OC)cc2)c3ccc(Cl)cc3,14.0,1.0,0.15,10.1002/anie.202009527,IF,1.4428571428571428,1.5585585585585586
10051,5687,10712,CC[C@@H](c1oc(nn1)c2ccc(OC)cc2)c3ccc(Cl)cc3,20.2,1.0,0.15,10.1002/anie.202009527,IF,1.4428571428571428,1.5585585585585586
10128,5731,10796,COc1ccc2N(C[C@@](CC3=CCCCC3)(c2c1)C(C)(C)C)C(=O)OC(C)(C)C,14.1,0.5,0.01,10.1002/anie.201907840,IF,1.1914893617021278,1.325301204819277
10129,5731,10795,COc1ccc2N(C[C@](CC3=CCCCC3)(c2c1)C(C)(C)C)C(=O)OC(C)(C)C,16.8,0.5,0.01,10.1002/anie.201907840,IF,1.1914893617021278,1.325301204819277
10206,5783,10887,CCC[C@@H](c1ccccc1)c2oc(nn2)c3ccc(OC)cc3,14.2,1.0,0.15,10.1002/anie.202009527,IF,1.2887323943661972,1.3628318584070798
10207,5783,10886,CCC[C@H](c1ccccc1)c2oc(nn2)c3ccc(OC)cc3,18.3,1.0,0.15,10.1002/anie.202009527,IF,1.2887323943661972,1.3628318584070798
10290,5832,10978,CC[C@H](c1oc(nn1)c2cccc(Cl)c2)c3ccccc3,14.3,0.8,0.05,10.1002/anie.202009527,IF,1.0979020979020977,1.1311475409836065
10291,5832,10977,CC[C@@H](c1oc(nn1)c2cccc(Cl)c2)c3ccccc3,15.7,0.8,0.05,10.1002/anie.202009527,IF,1.0979020979020977,1.1311475409836065
10422,5913,11124,CCCCCCCCCC[C@H](\C=C\C(=O)OCC)N1CCOC1=O,13.7,0.6,0.3,10.1039/C9SC04073K,IF,1.0583941605839418,1.0902255639097744
10423,5913,11125,CCCCCCCCCC[C@@H](\C=C\C(=O)OCC)N1CCOC1=O,14.5,0.6,0.3,10.1039/C9SC04073K,IF,1.0583941605839418,1.0902255639097744
10604,6020,11323,COc1ccc(cc1)c2oc(nn2)[C@@H](CCCC=C)c3ccccc3,14.7,1.0,0.15,10.1002/anie.202009527,IF,1.272108843537415,1.3389830508474576
10605,6020,11322,COc1ccc(cc1)c2oc(nn2)[C@H](CCCC=C)c3ccccc3,18.7,1.0,0.15,10.1002/anie.202009527,IF,1.272108843537415,1.3389830508474576
10674,6065,11403,COc1ccc2N(C[C@](CC3=CCCCC3)(C(C)C)c2c1)C(=O)OC(C)(C)C,14.8,0.5,0.01,10.1002/anie.201907840,IF,1.3108108108108107,1.5111111111111108
10675,6065,11402,COc1ccc2N(C[C@@](CC3=CCCCC3)(C(C)C)c2c1)C(=O)OC(C)(C)C,19.4,0.5,0.01,10.1002/anie.201907840,IF,1.3108108108108107,1.5111111111111108
10738,6105,11475,COc1ccc(cc1)c2oc(nn2)[C@@H](CC=C)c3ccccc3,14.9,1.0,0.15,10.1002/anie.202009527,IF,1.2281879194630874,1.2833333333333334
10739,6105,11474,COc1ccc(cc1)c2oc(nn2)[C@H](CC=C)c3ccccc3,18.3,1.0,0.15,10.1002/anie.202009527,IF,1.2281879194630874,1.2833333333333334
10952,6227,11703,Cc1ccc(/C=C/C[C@](C)(C=O)c2ccccc2)cc1,12.493,1.0,0.03,10.1016/j.chempr.2018.03.010,IF,1.2152405346994315,1.2803085583237777
10953,6227,11704,Cc1ccc(/C=C/C[C@@](C)(C=O)c2ccccc2)cc1,15.182,1.0,0.03,10.1016/j.chempr.2018.03.010,IF,1.2152405346994315,1.2803085583237777
10954,6230,11707,CC(C)c1cccc(c1)[P@@](=O)(CC(=C)C(=O)OCc2ccccc2)c3c(C)cc(C)cc3C,10.2,0.8,0.3,10.1039/D0SC04041J,IF,1.4901960784313726,1.7604562737642586
10955,6230,11708,CC(C)c1cccc(c1)[P@](=O)(CC(=C)C(=O)OCc2ccccc2)c3c(C)cc(C)cc3C,15.2,0.8,0.3,10.1039/D0SC04041J,IF,1.4901960784313726,1.7604562737642586
10972,6244,11730,Cc1cc(C)c(c(C)c1)[P@](=O)(CC(=C)C(=O)OCc2ccccc2)c3ccc(cc3)C(C)(C)C,14.2,0.8,0.3,10.1039/D0SC04041J,IF,1.0704225352112675,1.0945626477541373
10973,6244,11731,Cc1cc(C)c(c(C)c1)[P@@](=O)(CC(=C)C(=O)OCc2ccccc2)c3ccc(cc3)C(C)(C)C,15.2,0.8,0.3,10.1039/D0SC04041J,IF,1.0704225352112675,1.0945626477541373
11010,6265,11770,COc1ccc(\C=C\C[C@](C)(C=O)c2ccccc2)cc1,12.833,1.0,0.03,10.1016/j.chempr.2018.03.010,IF,1.1892776435751578,1.244538407329105
11011,6265,11771,COc1ccc(\C=C\C[C@@](C)(C=O)c2ccccc2)cc1,15.262,1.0,0.03,10.1016/j.chempr.2018.03.010,IF,1.1892776435751578,1.244538407329105
11036,6280,11798,CCOC(=O)/C=C/[C@@H](C(C)C)N1CCOC1=O,13.6,0.6,0.3,10.1039/C9SC04073K,IF,1.125,1.193916349809886
11037,6280,11799,CCOC(=O)/C=C/[C@H](C(C)C)N1CCOC1=O,15.3,0.6,0.3,10.1039/C9SC04073K,IF,1.125,1.193916349809886
11400,6503,12204,COc1ccc(cc1)c2oc(nn2)[C@@H](CCC\C=C/c3ccccc3)c4ccccc4,15.8,1.0,0.2,10.1002/anie.202009527,IF,1.2278481012658229,1.2790697674418603
11401,6503,12203,COc1ccc(cc1)c2oc(nn2)[C@H](CCC\C=C/c3ccccc3)c4ccccc4,19.4,1.0,0.2,10.1002/anie.202009527,IF,1.2278481012658229,1.2790697674418603
11574,6607,12394,COc1cccc(c1)[C@H]([C@H](\C=C\c2ccccc2)c3ccccc3)c4oc(CO)cc4,14.66,1.0,0.05,10.1021/acscatal.7b02667,IF,1.0948158253751703,1.1181972789115646
11575,6607,12395,COc1cccc(c1)[C@@H]([C@H](\C=C\c2ccccc2)c3ccccc3)c4oc(CO)cc4,16.05,1.0,0.05,10.1021/acscatal.7b02667,IF,1.0948158253751703,1.1181972789115646
11578,6610,12399,Cc1ccc(/C=C/C[C@](C)(C=O)c2ccccc2)cc1,13.4,1.0,0.03,10.1021/acs.orglett.8b00740,IF,1.1988059701492535,1.2537142857142858
11579,6610,12400,Cc1ccc(/C=C/C[C@@](C)(C=O)c2ccccc2)cc1,16.064,1.0,0.03,10.1021/acs.orglett.8b00740,IF,1.1988059701492535,1.2537142857142858
11932,6816,12783,COc1ccccc1C#C[C@H](C)O,16.59,1.0,0.15,10.1021/acs.orglett.8b01787,IF,1.1561181434599157,1.1891891891891893
11933,6816,12782,COc1ccccc1C#C[C@@H](C)O,19.18,1.0,0.15,10.1021/acs.orglett.8b01787,IF,1.1561181434599157,1.1891891891891893
12216,6987,13096,CC[C@@H](c1ccccc1)c2oc(CCc3ccccc3)nn2,17.0,1.0,0.05,10.1002/anie.202009527,IF,1.052941176470588,1.0638297872340423
12217,6987,13095,CC[C@H](c1ccccc1)c2oc(CCc3ccccc3)nn2,17.9,1.0,0.05,10.1002/anie.202009527,IF,1.052941176470588,1.0638297872340423
12356,7076,13255,CC[C@@H](c1ccc2ccccc2c1)c3oc(nn3)c4ccc(OC)cc4,17.2,1.0,0.15,10.1002/anie.202009527,IF,1.2965116279069768,1.356643356643357
12357,7076,13254,CC[C@H](c1ccc2ccccc2c1)c3oc(nn3)c4ccc(OC)cc4,22.3,1.0,0.15,10.1002/anie.202009527,IF,1.2965116279069768,1.356643356643357
12610,7216,13522,CC[C@@](C)(C\C=C\C=C\c1ccccc1)C=O,17.648,1.0,0.03,10.1021/acs.orglett.8b00740,IF,1.1038077969174978,1.1242202332519666
12611,7216,13521,CC[C@](C)(C\C=C\C=C\c1ccccc1)C=O,19.48,1.0,0.03,10.1021/acs.orglett.8b00740,IF,1.1038077969174978,1.1242202332519666
12696,7266,13614,CC[C@H](\C=C\C(=O)OC(C)(C)C)N1CCOC1=O,16.6,0.6,0.2,10.1039/C9SC04073K,IF,1.072289156626506,1.101983002832861
12697,7266,13615,CC[C@@H](\C=C\C(=O)OC(C)(C)C)N1CCOC1=O,17.8,0.6,0.2,10.1039/C9SC04073K,IF,1.072289156626506,1.101983002832861
13110,7523,14079,CC[C@@H](c1ccccc1)c2oc(nn2)c3occc3,18.5,1.0,0.05,10.1002/anie.202009527,IF,1.2,1.2371794871794872
13111,7523,14078,CC[C@H](c1ccccc1)c2oc(nn2)c3occc3,22.2,1.0,0.05,10.1002/anie.202009527,IF,1.2,1.2371794871794872
13114,7525,14083,CC[C@H](c1oc(nn1)c2ccc(OC)cc2)c3cscc3,18.5,1.0,0.15,10.1002/anie.202009527,IF,1.254054054054054,1.301282051282051
13115,7525,14082,CC[C@@H](c1oc(nn1)c2ccc(OC)cc2)c3cscc3,23.2,1.0,0.15,10.1002/anie.202009527,IF,1.254054054054054,1.301282051282051
13250,7617,14243,CCCCC[C@@]1(CI)CN(C(=O)OC(C)(C)C)c2ccc(OC)cc12,18.8,0.5,0.01,10.1021/jacs.9b04332,IF,1.0638297872340423,1.0923076923076922
13251,7617,14242,CCCCC[C@]1(CI)CN(C(=O)OC(C)(C)C)c2ccc(OC)cc12,20.0,0.5,0.01,10.1021/jacs.9b04332,IF,1.0638297872340423,1.0923076923076922
13256,7623,14252,CC[C@@H](c1cccc(c1)c2cocc2)c3oc(nn3)c4ccc(OC)cc4,18.8,1.0,0.15,10.1002/anie.202009527,IF,1.2393617021276595,1.2830188679245285
13257,7623,14251,CC[C@H](c1cccc(c1)c2cocc2)c3oc(nn3)c4ccc(OC)cc4,23.3,1.0,0.15,10.1002/anie.202009527,IF,1.2393617021276595,1.2830188679245285
13320,7660,14321,C[C@@]1(CI)CN(c2ccccc12)[S](C)(=O)=O,18.9,0.8,0.1,10.1021/jacs.9b04332,IF,1.2962962962962965,1.3666121112929628
13321,7660,14320,C[C@]1(CI)CN(c2ccccc12)[S](C)(=O)=O,24.5,0.8,0.1,10.1021/jacs.9b04332,IF,1.2962962962962965,1.3666121112929628
13372,7692,14378,CCOC(=O)/C=C/[C@@H](CC)N1CCOC1=O,17.5,0.6,0.3,10.1039/C9SC04073K,IF,1.0857142857142856,1.118421052631579
13373,7692,14379,CCOC(=O)/C=C/[C@H](CC)N1CCOC1=O,19.0,0.6,0.3,10.1039/C9SC04073K,IF,1.0857142857142856,1.118421052631579
13378,7695,14385,CCCC[C@@]1(CI)CN(C(=O)OC(C)(C)C)c2ccc(OC)cc12,19.0,0.5,0.01,10.1021/jacs.9b04332,IF,1.0368421052631578,1.053030303030303
13379,7695,14384,CCCC[C@]1(CI)CN(C(=O)OC(C)(C)C)c2ccc(OC)cc12,19.7,0.5,0.01,10.1021/jacs.9b04332,IF,1.0368421052631578,1.053030303030303
13380,7696,14387,C[C@]1(COc2ccccc12)CC#Cc3ccc(Cl)cc3,19.0,0.3,0.01,10.1002/anie.201913367,IF,1.0421052631578949,1.085714285714286
13381,7696,14386,C[C@@]1(COc2ccccc12)CC#Cc3ccc(Cl)cc3,19.8,0.3,0.01,10.1002/anie.201913367,IF,1.0421052631578949,1.085714285714286
13394,7703,14401,COc1ccc2N(C[C@](CI)(C(C)C)c2c1)C(=O)OC(C)(C)C,19.0,0.5,0.01,10.1021/jacs.9b04332,IF,1.5,1.7196969696969695
13395,7703,14400,COc1ccc2N(C[C@@](CI)(C(C)C)c2c1)C(=O)OC(C)(C)C,28.5,0.5,0.01,10.1021/jacs.9b04332,IF,1.5,1.7196969696969695
13440,7729,14449,CCOC(=O)/C=C/[C@@H](C1CCCC1)N2CCOC2=O,17.2,0.6,0.3,10.1039/C9SC04073K,IF,1.11046511627907,1.1536388140161729
13441,7729,14450,CCOC(=O)/C=C/[C@H](C1CCCC1)N2CCOC2=O,19.1,0.6,0.3,10.1039/C9SC04073K,IF,1.11046511627907,1.1536388140161729
13450,7736,14462,CC[C@@H](c1cccc(c1)n2cccc2)c3oc(nn3)c4ccc(OC)cc4,19.1,1.0,0.15,10.1002/anie.202009527,IF,1.068062827225131,1.0802469135802468
13451,7736,14461,CC[C@H](c1cccc(c1)n2cccc2)c3oc(nn3)c4ccc(OC)cc4,20.4,1.0,0.15,10.1002/anie.202009527,IF,1.068062827225131,1.0802469135802468
13504,7767,14519,C[C@]1(Nc2cccc(c2)[N+]([O-])=O)C(=O)Nc3ccccc13,15.33,1.0,0.1,10.1002/chem.202100829,IF,1.2524461839530332,1.3113435237329043
13505,7767,14520,C[C@@]1(Nc2cccc(c2)[N+]([O-])=O)C(=O)Nc3ccccc13,19.2,1.0,0.1,10.1002/chem.202100829,IF,1.2524461839530332,1.3113435237329043
13518,7774,14534,C[C@@]1(COc2ccccc12)Cc3cccc(c3)[N+]([O-])=O,19.2,0.5,0.05,10.1002/anie.201806372,IF,1.1770833333333337,1.2537313432835824
13519,7774,14533,C[C@]1(COc2ccccc12)Cc3cccc(c3)[N+]([O-])=O,22.6,0.5,0.05,10.1002/anie.201806372,IF,1.1770833333333337,1.2537313432835824
13520,7775,14536,CC[C@@H](c1cccc(OC)c1)c2oc(nn2)c3ccc(OC)cc3,19.2,1.0,0.15,10.1002/anie.202009527,IF,1.1822916666666667,1.2147239263803682
13521,7775,14535,CC[C@H](c1cccc(OC)c1)c2oc(nn2)c3ccc(OC)cc3,22.7,1.0,0.15,10.1002/anie.202009527,IF,1.1822916666666667,1.2147239263803682
13832,7958,14875,CC[C@H](c1oc(nn1)c2ccc(OC)cc2)c3cccc(c3)c4cscc4,19.8,1.0,0.15,10.1002/anie.202009527,IF,1.0707070707070707,1.0828402366863903
13833,7958,14874,CC[C@@H](c1oc(nn1)c2ccc(OC)cc2)c3cccc(c3)c4cscc4,21.2,1.0,0.15,10.1002/anie.202009527,IF,1.0707070707070707,1.0828402366863903
13868,7977,14912,CC(C)[Si](C#C[C@H](CC(C)(C)C(=O)OC(C)(C)C)C#CCn1c2ccccc2c3ccccc13)(C(C)C)C(C)C,19.86,0.2,0.03,10.1021/jacs.0c03130,IF,1.040785498489426,1.1511194029850749
13869,7977,14911,CC(C)[Si](C#C[C@@H](CC(C)(C)C(=O)OC(C)(C)C)C#CCn1c2ccccc2c3ccccc13)(C(C)C)C(C)C,20.67,0.2,0.03,10.1021/jacs.0c03130,IF,1.040785498489426,1.1511194029850749
13882,7987,14928,Cc1cc(C)c(c(C)c1)[P@](=O)(CC(=C)C(=O)OCc2ccccc2)c3ccc(F)cc3,15.7,0.8,0.3,10.1039/D0SC04041J,IF,1.267515923566879,1.3478260869565215
13883,7987,14929,Cc1cc(C)c(c(C)c1)[P@@](=O)(CC(=C)C(=O)OCc2ccccc2)c3ccc(F)cc3,19.9,0.8,0.3,10.1039/D0SC04041J,IF,1.267515923566879,1.3478260869565215
13938,8022,14992,COc1ccc(cc1)c2oc(nn2)[C@@H](CCCCl)c3ccccc3,20.0,1.0,0.15,10.1002/anie.202009527,IF,1.16,1.1871345029239766
13939,8022,14991,COc1ccc(cc1)c2oc(nn2)[C@H](CCCCl)c3ccccc3,23.2,1.0,0.15,10.1002/anie.202009527,IF,1.16,1.1871345029239766
14006,8061,15065,CC[C@@H](c1ccccc1)c2oc(nn2)c3cccc4ccccc34,20.2,0.8,0.05,10.1002/anie.202009527,IF,1.0643564356435644,1.0784313725490196
14007,8061,15064,CC[C@H](c1ccccc1)c2oc(nn2)c3cccc4ccccc34,21.5,0.8,0.05,10.1002/anie.202009527,IF,1.0643564356435644,1.0784313725490196
14012,8064,15071,CC[C@@H](c1ccc(cc1)c2ccccc2)c3oc(nn3)c4ccc(OC)cc4,20.2,1.0,0.15,10.1002/anie.202009527,IF,1.3267326732673268,1.3815028901734103
14013,8064,15070,CC[C@H](c1ccc(cc1)c2ccccc2)c3oc(nn3)c4ccc(OC)cc4,26.8,1.0,0.15,10.1002/anie.202009527,IF,1.3267326732673268,1.3815028901734103
14022,8071,15083,C[C@@]1(CCC(OC1)\C=C\c2ccccc2)c3ccccc3,20.22,0.4,0.012,10.1021/acs.orglett.8b00740,IF,1.3352126607319488,1.5225905936777182
14023,8071,15082,C[C@]1(CCC(OC1)\C=C\c2ccccc2)c3ccccc3,26.998,0.4,0.012,10.1021/acs.orglett.8b00740,IF,1.3352126607319488,1.5225905936777182
14084,8113,15156,CC[C@@H](c1ccc(cc1)C(C)(C)C)c2oc(nn2)c3ccc(OC)cc3,20.4,0.6,0.1,10.1002/anie.202009527,IF,1.093137254901961,1.1220556745182015
14085,8113,15155,CC[C@H](c1ccc(cc1)C(C)(C)C)c2oc(nn2)c3ccc(OC)cc3,22.3,0.6,0.1,10.1002/anie.202009527,IF,1.093137254901961,1.1220556745182015
14114,8137,15194,Cc1cc(C)c(c(C)c1)[P@](=O)(CC(=C)C(=O)OCc2ccccc2)c3cscc3,16.5,0.8,0.3,10.1039/D0SC04041J,IF,1.2424242424242424,1.3106796116504855
14115,8137,15195,Cc1cc(C)c(c(C)c1)[P@@](=O)(CC(=C)C(=O)OCc2ccccc2)c3cscc3,20.5,0.8,0.3,10.1039/D0SC04041J,IF,1.2424242424242424,1.3106796116504855
14172,8173,15259,CCCCCCCCCC[C@H](\C=C\C(=O)OCC)N1CCSC1=O,19.1,0.6,0.15,10.1039/C9SC04073K,IF,1.0785340314136125,1.105140186915888
14173,8173,15260,CCCCCCCCCC[C@@H](\C=C\C(=O)OCC)N1CCSC1=O,20.6,0.6,0.15,10.1039/C9SC04073K,IF,1.0785340314136125,1.105140186915888
14174,8174,15261,CCOC(=O)/C=C/[C@@H](CCCCCCCC=C)N1CCOC1=O,19.4,0.5,0.25,10.1039/C9SC04073K,IF,1.061855670103093,1.0882352941176472
14175,8174,15262,CCOC(=O)/C=C/[C@H](CCCCCCCC=C)N1CCOC1=O,20.6,0.5,0.25,10.1039/C9SC04073K,IF,1.061855670103093,1.0882352941176472
14246,8215,15338,C[C@@]1(COc2ccccc12)Cc3cccc(c3)[N+]([O-])=O,17.0,0.5,0.05,10.1002/anie.201907840,IF,1.223529411764706,1.3392857142857144
14247,8215,15339,C[C@]1(COc2ccccc12)Cc3cccc(c3)[N+]([O-])=O,20.8,0.5,0.05,10.1002/anie.201907840,IF,1.223529411764706,1.3392857142857144
14310,8261,15416,CCOC(=O)/C=C/[C@@H](C)N1CCOC1=O,19.9,0.6,0.3,10.1039/C9SC04073K,IF,1.050251256281407,1.0663716814159292
14311,8261,15417,CCOC(=O)/C=C/[C@H](C)N1CCOC1=O,20.9,0.6,0.3,10.1039/C9SC04073K,IF,1.050251256281407,1.0663716814159292
14320,8267,15428,CC[C@@]1(CI)CN(C(=O)OC(C)(C)C)c2ccc(OC)cc12,20.9,0.5,0.01,10.1021/jacs.9b04332,IF,1.1770334928229669,1.2450331125827816
14321,8267,15427,CC[C@]1(CI)CN(C(=O)OC(C)(C)C)c2ccc(OC)cc12,24.6,0.5,0.01,10.1021/jacs.9b04332,IF,1.1770334928229669,1.2450331125827816
14328,8272,15436,Cc1nn(c(C)c1C)C(=O)/C=C/[C@H](c2ccc(cc2)C(F)(F)F)c3c([nH]c4ccccc34)[S](C)(=O)=O,16.381,1.0,0.1,10.1039/D0CC04590J,IF,1.2759294304377022,1.335286699799718
14329,8272,15437,Cc1nn(c(C)c1C)C(=O)/C=C/[C@@H](c2ccc(cc2)C(F)(F)F)c3c([nH]c4ccccc34)[S](C)(=O)=O,20.901,1.0,0.1,10.1039/D0CC04590J,IF,1.2759294304377022,1.335286699799718
14342,8281,15452,Cc1nn(c(C)c1C)C(=O)/C=C/[C@H](c2cccc(Cl)c2)c3c([nH]c4ccccc34)[S](C)(=O)=O,18.162,1.0,0.1,10.1039/D0CC04590J,IF,1.1562052637374738,1.1858865155287643
14343,8281,15453,Cc1nn(c(C)c1C)C(=O)/C=C/[C@@H](c2cccc(Cl)c2)c3c([nH]c4ccccc34)[S](C)(=O)=O,20.999,1.0,0.1,10.1039/D0CC04590J,IF,1.1562052637374738,1.1858865155287643
14464,8352,15585,CC[C@@H](c1ccccc1)c2oc(nn2)c3cccnc3,21.2,1.0,0.1,10.1002/anie.202009527,IF,1.1179245283018868,1.1366120218579234
14465,8352,15584,CC[C@H](c1ccccc1)c2oc(nn2)c3cccnc3,23.7,1.0,0.1,10.1002/anie.202009527,IF,1.1179245283018868,1.1366120218579234
14678,8483,15822,CC(=O)N1C[C@](C)(CI)c2ccccc12,18.7,0.8,0.1,10.1021/jacs.9b04332,IF,1.160427807486631,1.199004975124378
14679,8483,15823,CC(=O)N1C[C@@](C)(CI)c2ccccc12,21.7,0.8,0.1,10.1021/jacs.9b04332,IF,1.160427807486631,1.199004975124378
14896,8620,16068,CC[C@H](\C=C\C(=O)OC)N1CCOC1=O,20.3,0.6,0.3,10.1039/C9SC04073K,IF,1.0935960591133005,1.1228448275862069
14897,8620,16069,CC[C@@H](\C=C\C(=O)OC)N1CCOC1=O,22.2,0.6,0.3,10.1039/C9SC04073K,IF,1.0935960591133005,1.1228448275862069
14938,8643,16113,CC[C@@H](c1ccccc1)c2nnc(n2c3ccccc3)c4ccc(OC)cc4,22.3,1.0,0.25,10.1002/anie.202009527,IF,1.1748878923766817,1.2010309278350515
14939,8643,16112,CC[C@H](c1ccccc1)c2nnc(n2c3ccccc3)c4ccc(OC)cc4,26.2,1.0,0.25,10.1002/anie.202009527,IF,1.1748878923766817,1.2010309278350515
15012,8689,16195,CC[C@H](\C=C\C(=O)OCc1ccccc1)N2CCOC2=O,20.8,0.6,0.3,10.1039/C9SC04073K,IF,1.0817307692307692,1.1064718162839249
15013,8689,16196,CC[C@@H](\C=C\C(=O)OCc1ccccc1)N2CCOC2=O,22.5,0.6,0.3,10.1039/C9SC04073K,IF,1.0817307692307692,1.1064718162839249
15040,8707,16228,COCCC[C@@H](c1ccccc1)c2oc(nn2)c3ccc(OC)cc3,22.6,1.0,0.15,10.1002/anie.202009527,IF,1.176991150442478,1.2030456852791878
15041,8707,16227,COCCC[C@H](c1ccccc1)c2oc(nn2)c3ccc(OC)cc3,26.6,1.0,0.15,10.1002/anie.202009527,IF,1.176991150442478,1.2030456852791878
15100,8746,16296,CCOC(=O)/C=C/[C@@H](C1CCCCC1)N2CCOC2=O,21.5,0.6,0.2,10.1039/C9SC04073K,IF,1.0604651162790697,1.0779999999999998
15101,8746,16297,CCOC(=O)/C=C/[C@H](C1CCCCC1)N2CCOC2=O,22.8,0.6,0.2,10.1039/C9SC04073K,IF,1.0604651162790697,1.0779999999999998
15228,8836,16450,Cc1nn(c(C)c1C)C(=O)/C=C/[C@H](c2ccccc2)c3c([nH]c4ccc(Br)cc34)[S](C)(=O)=O,18.909,1.0,0.1,10.1039/D0CC04590J,IF,1.223861653181025,1.2644137672559186
15229,8836,16451,Cc1nn(c(C)c1C)C(=O)/C=C/[C@@H](c2ccccc2)c3c([nH]c4ccc(Br)cc34)[S](C)(=O)=O,23.142,1.0,0.1,10.1039/D0CC04590J,IF,1.223861653181025,1.2644137672559186
15410,8949,16654,CCC[C@H](\C=C\C(=O)OCC)N1CCOC1=O,21.5,0.5,0.25,10.1039/C9SC04073K,IF,1.1023255813953488,1.1401273885350318
15411,8949,16655,CCC[C@@H](\C=C\C(=O)OCC)N1CCOC1=O,23.7,0.5,0.25,10.1039/C9SC04073K,IF,1.1023255813953488,1.1401273885350318
15480,8995,16735,Cc1ccc(cc1)[P@@](=O)(CC(=C)C(=O)OCc2ccccc2)c3c(C)cc(C)cc3C,21.6,0.8,0.3,10.1039/D0SC04041J,IF,1.1064814814814814,1.1279554937413074
15481,8995,16736,Cc1ccc(cc1)[P@](=O)(CC(=C)C(=O)OCc2ccccc2)c3c(C)cc(C)cc3C,23.9,0.8,0.3,10.1039/D0SC04041J,IF,1.1064814814814814,1.1279554937413074
15554,9035,16813,CCCCC[C@]1(CN(C(=O)OC(C)(C)C)c2ccc(OC)cc12)Cc3c4ccccc4n(c3c5ccccc5)[S](=O)(=O)c6ccc(C)cc6,24.1,0.6,0.05,10.1002/cjoc.202100538,IF,1.074688796680498,1.093425605536332
15555,9035,16812,CCCCC[C@@]1(CN(C(=O)OC(C)(C)C)c2ccc(OC)cc12)Cc3c4ccccc4n(c3c5ccccc5)[S](=O)(=O)c6ccc(C)cc6,25.9,0.6,0.05,10.1002/cjoc.202100538,IF,1.074688796680498,1.093425605536332
15788,9194,17088,CCC[C@H](\C=C\C(=O)OCC)N1CCSC1=O,22.3,0.6,0.15,10.1039/C9SC04073K,IF,1.116591928251121,1.1488549618320607
15789,9194,17089,CCC[C@@H](\C=C\C(=O)OCC)N1CCSC1=O,24.9,0.6,0.15,10.1039/C9SC04073K,IF,1.116591928251121,1.1488549618320607
15800,9201,17102,CC(C)(C)c1ccc2OC[C@](C)(Cc3ccccc3)c2c1,24.9,0.5,0.0,10.1002/anie.201806372,IF,1.2971887550200802,1.387434554973822
15801,9201,17101,CC(C)(C)c1ccc2OC[C@@](C)(Cc3ccccc3)c2c1,32.3,0.5,0.0,10.1002/anie.201806372,IF,1.2971887550200802,1.387434554973822
15882,9257,17198,CCOC(=O)[C@]1(N[S](=O)(=O)c2ccc(C)cc12)[C@H]3CCC=C3O[Si](C)(C)C(C)(C)C,22.7,1.0,0.1,10.1021/acs.orglett.0c00004,IF,1.1101321585903083,1.1262626262626263
15883,9257,17199,CCOC(=O)[C@@]1(N[S](=O)(=O)c2ccc(C)cc12)[C@H]3CCC=C3O[Si](C)(C)C(C)(C)C,25.2,1.0,0.1,10.1021/acs.orglett.0c00004,IF,1.1101321585903083,1.1262626262626263
15966,9308,17292,C[C@@](CNC(=O)c1ccccc1)(C(=S)N(Cc2ccccc2)Cc3ccccc3)c4ccccc4,25.4,0.5,0.1,10.1021/acscatal.2c00001,IF,1.2401574803149606,1.3112244897959184
15967,9308,17291,C[C@](CNC(=O)c1ccccc1)(C(=S)N(Cc2ccccc2)Cc3ccccc3)c4ccccc4,31.5,0.5,0.1,10.1021/acscatal.2c00001,IF,1.2401574803149606,1.3112244897959184
16000,9337,17337,CCOC(=O)[C@]1(N[S](=O)(=O)c2ccccc12)[C@H]3CC(C)(C)CC=C3O[Si](C)(C)C(C)(C)C,15.3,1.0,0.1,10.1021/acs.orglett.0c00004,IF,1.673202614379085,1.8306451612903227
16001,9337,17338,CCOC(=O)[C@@]1(N[S](=O)(=O)c2ccccc12)[C@H]3CC(C)(C)CC=C3O[Si](C)(C)C(C)(C)C,25.6,1.0,0.1,10.1021/acs.orglett.0c00004,IF,1.673202614379085,1.8306451612903227
16004,9339,17341,CCOC(=O)N1C[C@](C)(CI)c2ccccc12,22.8,0.5,0.01,10.1021/jacs.9b04332,IF,1.1228070175438596,1.1647058823529413
16005,9339,17342,CCOC(=O)N1C[C@@](C)(CI)c2ccccc12,25.6,0.5,0.01,10.1021/jacs.9b04332,IF,1.1228070175438596,1.1647058823529413
16010,9343,17349,Cc1cc(C)cc(C[C@@]2(C)COc3cc(ccc23)C(=O)N4CCCCC4)c1,25.6,0.5,0.1,10.1002/anie.201806372,IF,1.25,1.323232323232323
16011,9343,17348,Cc1cc(C)cc(C[C@]2(C)COc3cc(ccc23)C(=O)N4CCCCC4)c1,32.0,0.5,0.1,10.1002/anie.201806372,IF,1.25,1.323232323232323
16026,9355,17368,CCOC(=O)c1ccc(C[C@@]2(C)CCOc3cc(C)c(C)cc23)cc1,22.3,0.5,0.01,10.1002/anie.201907840,IF,1.1524663677130045,1.206060606060606
16027,9355,17369,CCOC(=O)c1ccc(C[C@]2(C)CCOc3cc(C)c(C)cc23)cc1,25.7,0.5,0.01,10.1002/anie.201907840,IF,1.1524663677130045,1.206060606060606
16044,9367,17389,CCOC(=O)[C@]1(N[S](=O)(=O)c2ccc(OC)cc12)[C@H]3CCC=C3O[Si](C)(C)C(C)(C)C,21.3,1.0,0.1,10.1021/acs.orglett.0c00004,IF,1.2112676056338028,1.2445652173913042
16045,9367,17390,CCOC(=O)[C@@]1(N[S](=O)(=O)c2ccc(OC)cc12)[C@H]3CCC=C3O[Si](C)(C)C(C)(C)C,25.8,1.0,0.1,10.1021/acs.orglett.0c00004,IF,1.2112676056338028,1.2445652173913042
16070,9382,17417,CC(C)OC(=O)[C@]1(N[S](=O)(=O)c2ccccc12)[C@H]3CCC=C3O[Si](C)(C)C(C)(C)C,22.6,1.0,0.1,10.1021/acs.orglett.0c00004,IF,1.146017699115044,1.1675126903553297
16071,9382,17418,CC(C)OC(=O)[C@@]1(N[S](=O)(=O)c2ccccc12)[C@H]3CCC=C3O[Si](C)(C)C(C)(C)C,25.9,1.0,0.1,10.1021/acs.orglett.0c00004,IF,1.146017699115044,1.1675126903553297
16072,9383,17419,CCOC(=O)/C=C/[C@@H](CCc1ccccc1)N2CCOC2=O,22.9,0.6,0.3,10.1039/C9SC04073K,IF,1.1310043668122272,1.1660516605166054
16073,9383,17420,CCOC(=O)/C=C/[C@H](CCc1ccccc1)N2CCOC2=O,25.9,0.6,0.3,10.1039/C9SC04073K,IF,1.1310043668122272,1.1660516605166054
16306,9527,17680,Cc1cc(C)c(c(C)c1)[P@](=O)(CC(=C)C(=O)OCc2ccccc2)c3ccc(C=C)cc3,22.7,0.8,0.3,10.1039/D0SC04041J,IF,1.1762114537444934,1.2096985583224116
16307,9527,17681,Cc1cc(C)c(c(C)c1)[P@@](=O)(CC(=C)C(=O)OCc2ccccc2)c3ccc(C=C)cc3,26.7,0.8,0.3,10.1039/D0SC04041J,IF,1.1762114537444934,1.2096985583224116
16486,9654,17897,Cc1nn(c(C)c1C)C(=O)/C=C/[C@H](c2ccc(Cl)cc2)c3c([nH]c4ccccc34)[S](C)(=O)=O,21.546,1.0,0.1,10.1039/D0CC04590J,IF,1.2828367214332128,1.3268261289284566
16487,9654,17898,Cc1nn(c(C)c1C)C(=O)/C=C/[C@@H](c2ccc(Cl)cc2)c3c([nH]c4ccccc34)[S](C)(=O)=O,27.64,1.0,0.1,10.1039/D0CC04590J,IF,1.2828367214332128,1.3268261289284566
16558,9702,17982,C[C@](CC(=C)c1cccc(F)c1)(C=O)c2ccccc2,27.907,1.0,0.01,10.1016/j.chempr.2018.03.010,IF,1.0717382735514387,1.0800575838765143
16559,9702,17981,C[C@@](CC(=C)c1cccc(F)c1)(C=O)c2ccccc2,29.909,1.0,0.01,10.1016/j.chempr.2018.03.010,IF,1.0717382735514387,1.0800575838765143
16580,9715,18005,Cc1cc(C)c(c(C)c1)[P@](=O)(CC(=C)C(=O)OCc2ccccc2)c3ccc(cc3)c4ccccc4,26.1,0.8,0.3,10.1039/D0SC04041J,IF,1.0727969348659003,1.0845383759733036
16581,9715,18006,Cc1cc(C)c(c(C)c1)[P@@](=O)(CC(=C)C(=O)OCc2ccccc2)c3ccc(cc3)c4ccccc4,28.0,0.8,0.3,10.1039/D0SC04041J,IF,1.0727969348659003,1.0845383759733036
16754,9819,18197,CC[C@H](c1oc(nn1)c2ccc(OC)cc2)c3ccc(cc3)c4cscc4,28.7,1.0,0.15,10.1002/anie.202009527,IF,1.337979094076655,1.375968992248062
16755,9819,18196,CC[C@@H](c1oc(nn1)c2ccc(OC)cc2)c3ccc(cc3)c4cscc4,38.4,1.0,0.15,10.1002/anie.202009527,IF,1.337979094076655,1.375968992248062
16758,9821,18200,CC[S](=O)(=O)c1[nH]c2ccccc2c1[C@H](\C=C\C(=O)n3nc(C)c(C)c3C)c4ccccc4,24.761,1.0,0.1,10.1039/D0CC04590J,IF,1.161100117119664,1.182471067197292
16759,9821,18201,CC[S](=O)(=O)c1[nH]c2ccccc2c1[C@@H](\C=C\C(=O)n3nc(C)c(C)c3C)c4ccccc4,28.75,1.0,0.1,10.1039/D0CC04590J,IF,1.161100117119664,1.182471067197292
16976,9958,18446,Cc1nn(C(=O)/C=C/[C@H](c2ccccc2)c3c([nH]c4ccccc34)[S](C)(=O)=O)c(C)c1C,24.292,1.0,0.1,10.1039/D0CC04590J,IF,1.2292112629672318,1.2602842183994014
16977,9958,18447,Cc1nn(C(=O)/C=C/[C@@H](c2ccccc2)c3c([nH]c4ccccc34)[S](C)(=O)=O)c(C)c1C,29.86,1.0,0.1,10.1039/D0CC04590J,IF,1.2292112629672318,1.2602842183994014
17086,10028,18571,C[C@]1(CI)CN(C(=O)c2ccccc2)c3ccccc13,28.6,0.8,0.1,10.1021/jacs.9b04332,IF,1.0524475524475525,1.06006006006006
17087,10028,18572,C[C@@]1(CI)CN(C(=O)c2ccccc2)c3ccccc13,30.1,0.8,0.1,10.1021/jacs.9b04332,IF,1.0524475524475525,1.06006006006006
17200,10109,18709,CC(C)(C)OC(=O)C(C)(C)C[C@@H](C#Cc1ccc(cc1)C#N)c2ccc3OCOc3c2,27.67,0.5,0.02,10.1021/jacs.0c03130,IF,1.1091434766895554,1.1380887059899405
17201,10109,18710,CC(C)(C)OC(=O)C(C)(C)C[C@H](C#Cc1ccc(cc1)C#N)c2ccc3OCOc3c2,30.69,0.5,0.02,10.1021/jacs.0c03130,IF,1.1091434766895554,1.1380887059899405
17310,10176,18832,CC[C@@H](c1ccccc1)c2oc(nn2)C(C)(C)C,31.1,0.8,0.01,10.1002/anie.202009527,IF,1.0385852090032153,1.043676069153776
17311,10176,18831,CC[C@H](c1ccccc1)c2oc(nn2)C(C)(C)C,32.3,0.8,0.01,10.1002/anie.202009527,IF,1.0385852090032153,1.043676069153776
17334,10192,18859,COc1cc(/C=C/C[C@](C)(C=O)c2ccccc2)cc(OC)c1OC,24.98,1.0,0.1,10.1016/j.chempr.2018.03.010,IF,1.2506004803843074,1.283514492753623
17335,10192,18860,COc1cc(/C=C/C[C@@](C)(C=O)c2ccccc2)cc(OC)c1OC,31.24,1.0,0.1,10.1016/j.chempr.2018.03.010,IF,1.2506004803843074,1.283514492753623
17348,10204,18878,Cc1cc(C)c(c(C)c1)[P@](=O)(CC(=C)C(=O)OCc2ccccc2)c3ccccc3c4ccccc4,15.9,0.8,0.3,10.1039/D0SC04041J,IF,1.9748427672955973,2.2627291242362526
17349,10204,18879,Cc1cc(C)c(c(C)c1)[P@@](=O)(CC(=C)C(=O)OCc2ccccc2)c3ccccc3c4ccccc4,31.4,0.8,0.3,10.1039/D0SC04041J,IF,1.9748427672955973,2.2627291242362526
17398,10233,18932,Cc1cc(C)c(c(C)c1)[P@](=O)(CC(=C)C(=O)OCc2ccccc2)c3cccc4ccccc34,29.4,0.8,0.3,10.1039/D0SC04041J,IF,1.0782312925170068,1.0892337536372454
17399,10233,18933,Cc1cc(C)c(c(C)c1)[P@@](=O)(CC(=C)C(=O)OCc2ccccc2)c3cccc4ccccc34,31.7,0.8,0.3,10.1039/D0SC04041J,IF,1.0782312925170068,1.0892337536372454
17540,10336,19106,Cc1nn(c(C)c1C)C(=O)/C=C/[C@H](c2ccc(I)cc2)c3c([nH]c4ccccc34)[S](C)(=O)=O,25.11,1.0,0.1,10.1039/D0CC04590J,IF,1.2959776981282358,1.3346240432237733
17541,10336,19107,Cc1nn(c(C)c1C)C(=O)/C=C/[C@@H](c2ccc(I)cc2)c3c([nH]c4ccccc34)[S](C)(=O)=O,32.542,1.0,0.1,10.1039/D0CC04590J,IF,1.2959776981282358,1.3346240432237733
17570,10359,19144,Cc1ccc(cc1)[C@@H](\C=C\C(=O)n2nc(C)c(C)c2C)c3c([nH]c4ccccc34)[S](C)(=O)=O,24.881,1.0,0.1,10.1039/D0CC04590J,IF,1.3168281017643986,1.358627905918748
17571,10359,19145,Cc1ccc(cc1)[C@H](\C=C\C(=O)n2nc(C)c(C)c2C)c3c([nH]c4ccccc34)[S](C)(=O)=O,32.764,1.0,0.1,10.1039/D0CC04590J,IF,1.3168281017643986,1.358627905918748
17636,10403,19221,Cc1cc(C)c(c(C)c1)[P@](=O)(CC(=C)C(=O)OCc2ccccc2)c3ccccc3C,15.3,0.8,0.3,10.1039/D0SC04041J,IF,2.169934640522876,2.5331905781584583
17637,10403,19222,Cc1cc(C)c(c(C)c1)[P@@](=O)(CC(=C)C(=O)OCc2ccccc2)c3ccccc3C,33.2,0.8,0.3,10.1039/D0SC04041J,IF,2.169934640522876,2.5331905781584583
17866,10564,19497,Cc1nn(C(=O)/C=C/[C@H](c2ccccc2)c3c([nH]c4ccccc34)[S](=O)(=O)c5ccccc5)c(C)c1C,28.159,1.0,0.1,10.1039/D0CC04590J,IF,1.2448240349444226,1.2729324201274792
17867,10564,19498,Cc1nn(C(=O)/C=C/[C@@H](c2ccccc2)c3c([nH]c4ccccc34)[S](=O)(=O)c5ccccc5)c(C)c1C,35.053,1.0,0.1,10.1039/D0CC04590J,IF,1.2448240349444226,1.2729324201274792
17930,10604,19569,Cc1cc(C)c(c(C)c1)[P@](=O)(CC(=C)C(=O)OCc2ccccc2)c3ccccc3C,21.0,0.8,0.3,10.1039/D0SC04041J,IF,1.7047619047619047,1.8517985611510792
17931,10604,19570,Cc1cc(C)c(c(C)c1)[P@@](=O)(CC(=C)C(=O)OCc2ccccc2)c3ccccc3C,35.8,0.8,0.3,10.1039/D0SC04041J,IF,1.7047619047619047,1.8517985611510792
17974,10633,19620,Cc1nn(C(=O)/C=C/[C@H](c2ccccc2)c3c([nH]c4ccccc34)[S](=O)(=O)Cc5ccccc5)c(C)c1C,30.322,1.0,0.1,10.1039/D0CC04590J,IF,1.1954686366334677,1.2161403252862666
17975,10633,19621,Cc1nn(C(=O)/C=C/[C@@H](c2ccccc2)c3c([nH]c4ccccc34)[S](=O)(=O)Cc5ccccc5)c(C)c1C,36.249,1.0,0.1,10.1039/D0CC04590J,IF,1.1954686366334677,1.2161403252862666
18004,10648,19650,CCOC(=O)/C=C/[C@@H](CCCCOC(C)=O)N1CCOC1=O,34.8,0.6,0.3,10.1039/C9SC04073K,IF,1.0488505747126438,1.0567296996662958
18005,10648,19651,CCOC(=O)/C=C/[C@H](CCCCOC(C)=O)N1CCOC1=O,36.5,0.6,0.3,10.1039/C9SC04073K,IF,1.0488505747126438,1.0567296996662958
18166,10738,19821,COC(=O)[C@]1(N[S](=O)(=O)c2ccccc12)[C@H]3CCC=C3O[Si](C)(C)C(C)(C)C,31.3,1.0,0.1,10.1021/acs.orglett.0c00004,IF,1.207667731629393,1.2288732394366195
18167,10738,19822,COC(=O)[C@@]1(N[S](=O)(=O)c2ccccc12)[C@H]3CCC=C3O[Si](C)(C)C(C)(C)C,37.8,1.0,0.1,10.1021/acs.orglett.0c00004,IF,1.207667731629393,1.2288732394366195
18180,10747,19837,Cc1cccc(C)c1[P@](=O)(CC(=C)C(=O)OCc2ccccc2)c3ccccc3,26.2,0.8,0.2,10.1039/D0SC04041J,IF,1.4465648854961832,1.5182724252491693
18181,10747,19838,Cc1cccc(C)c1[P@@](=O)(CC(=C)C(=O)OCc2ccccc2)c3ccccc3,37.9,0.8,0.2,10.1039/D0SC04041J,IF,1.4465648854961832,1.5182724252491693
18194,10757,19854,COc1cc(cc(OC)c1OC)[P@@](=O)(CC(=C)C(=O)OCc2ccccc2)c3c(C)cc(C)cc3C,21.2,0.8,0.3,10.1039/D0SC04041J,IF,1.7971698113207548,1.961593172119488
18195,10757,19855,COc1cc(cc(OC)c1OC)[P@](=O)(CC(=C)C(=O)OCc2ccccc2)c3c(C)cc(C)cc3C,38.1,0.8,0.3,10.1039/D0SC04041J,IF,1.7971698113207548,1.961593172119488
18276,10812,19950,Cc1cccc(c1)[P@@](=O)(CC(=C)C(=O)OCc2ccccc2)c3c(C)cc(C)cc3C,30.9,0.8,0.3,10.1039/D0SC04041J,IF,1.2588996763754046,1.2933088909257562
18277,10812,19951,Cc1cccc(c1)[P@](=O)(CC(=C)C(=O)OCc2ccccc2)c3c(C)cc(C)cc3C,38.9,0.8,0.3,10.1039/D0SC04041J,IF,1.2588996763754046,1.2933088909257562
18416,10898,20107,CCOC(=O)C([C@H](C(Oc1c(C)cc(C)cc1C)=NC(C)(C)C)c2ccccc2)C(=O)OCC,4.22,1.0,0.02,10.1021/acs.orglett.1c01792,IF,1.4691943127962086,2.5000000000000004
18417,10898,20106,CCOC(=O)C([C@@H](C(Oc1c(C)cc(C)cc1C)=NC(C)(C)C)c2ccccc2)C(=O)OCC,6.2,1.0,0.02,10.1021/acs.orglett.1c01792,IF,1.4691943127962086,2.5000000000000004
18446,10916,20140,CCOC(=O)C([C@H](C(Oc1ccc(CC)cc1)=NC(C)(C)C)c2ccccc2)C(=O)OCC,4.46,1.0,0.02,10.1021/acs.orglett.1c01792,IF,1.0829596412556055,1.2371794871794872
18447,10916,20139,CCOC(=O)C([C@@H](C(Oc1ccc(CC)cc1)=NC(C)(C)C)c2ccccc2)C(=O)OCC,4.83,1.0,0.02,10.1021/acs.orglett.1c01792,IF,1.0829596412556055,1.2371794871794872
18454,10920,20148,CCOC(=O)C([C@H](C(Oc1ccc(C)cc1)=NC(C)(C)C)c2ccccc2)C(=O)OCC,4.49,1.0,0.02,10.1021/acs.orglett.1c01792,IF,1.0846325167037862,1.2389937106918238
18455,10920,20147,CCOC(=O)C([C@@H](C(Oc1ccc(C)cc1)=NC(C)(C)C)c2ccccc2)C(=O)OCC,4.87,1.0,0.02,10.1021/acs.orglett.1c01792,IF,1.0846325167037862,1.2389937106918238
18466,10927,20161,CCOC(=O)C([C@@H](c1ccccc1)C(Oc2ccc(Br)cc2)=NC(C)(C)C)C(=O)OCC,4.54,1.0,0.02,10.1021/acs.orglett.1c01792,IF,1.182819383259912,1.5060975609756098
18467,10927,20160,CCOC(=O)C([C@H](c1ccccc1)C(Oc2ccc(Br)cc2)=NC(C)(C)C)C(=O)OCC,5.37,1.0,0.02,10.1021/acs.orglett.1c01792,IF,1.182819383259912,1.5060975609756098
18486,10939,20183,CCOC(=O)C([C@H](C(Oc1ccccc1)=NC(C)(C)C)c2ccccc2)C(=O)OCC,4.68,1.0,0.02,10.1021/acs.orglett.1c01792,IF,1.0961538461538465,1.252808988764045
18487,10939,20182,CCOC(=O)C([C@@H](C(Oc1ccccc1)=NC(C)(C)C)c2ccccc2)C(=O)OCC,5.13,1.0,0.02,10.1021/acs.orglett.1c01792,IF,1.0961538461538465,1.252808988764045
18508,10959,20214,CCOC(=O)C([C@H](C(Oc1cccc2CCCCc12)=NC(C)(C)C)c3ccccc3)C(=O)OCC,4.8,1.0,0.02,10.1021/acs.orglett.1c01792,IF,1.15,1.3789473684210525
18509,10959,20213,CCOC(=O)C([C@@H](C(Oc1cccc2CCCCc12)=NC(C)(C)C)c3ccccc3)C(=O)OCC,5.52,1.0,0.02,10.1021/acs.orglett.1c01792,IF,1.15,1.3789473684210525
18676,11060,20398,COc1ccc(cc1)[P@@](=O)(CC(=C)C(=O)OCc2ccccc2)c3c(C)cc(C)cc3C,32.9,0.8,0.3,10.1039/D0SC04041J,IF,1.264437689969605,1.2971818958155423
18677,11060,20399,COc1ccc(cc1)[P@](=O)(CC(=C)C(=O)OCc2ccccc2)c3c(C)cc(C)cc3C,41.6,0.8,0.3,10.1039/D0SC04041J,IF,1.264437689969605,1.2971818958155423
18724,11096,20458,CCOC(=O)/C=C/[C@@H](CCc1ccccc1)N2CCSC2=O,36.8,0.6,0.15,10.1039/C9SC04073K,IF,1.1521739130434785,1.1751824817518248
18725,11096,20459,CCOC(=O)/C=C/[C@H](CCc1ccccc1)N2CCSC2=O,42.4,0.6,0.15,10.1039/C9SC04073K,IF,1.1521739130434785,1.1751824817518248
18858,11185,20614,COc1ccc(cc1)[P@@](=O)(CC(=C)C(=O)OCc2ccccc2)c3c(cc(cc3C(C)C)C(C)C)C(C)C,23.3,0.8,0.4,10.1039/D0SC04041J,IF,1.914163090128756,2.082592121982211
18859,11185,20615,COc1ccc(cc1)[P@](=O)(CC(=C)C(=O)OCc2ccccc2)c3c(cc(cc3C(C)C)C(C)C)C(C)C,44.6,0.8,0.4,10.1039/D0SC04041J,IF,1.914163090128756,2.082592121982211
18862,11188,20619,CCOC(=O)/C=C/[C@@H](CCCCl)N1CCOC1=O,34.5,0.5,0.25,10.1039/C9SC04073K,IF,1.2927536231884058,1.3519163763066204
18863,11188,20620,CCOC(=O)/C=C/[C@H](CCCCl)N1CCOC1=O,44.6,0.5,0.25,10.1039/C9SC04073K,IF,1.2927536231884058,1.3519163763066204
19176,11394,20983,CC(C)OC(=O)C([C@H](C(Oc1ccc(Cc2ccccc2)cc1)=NC(C)(C)C)c3ccccc3)C(=O)OC(C)C,5.24,1.0,0.02,10.1021/acs.orglett.1c01792,IF,1.1106870229007633,1.247863247863248
19177,11394,20982,CC(C)OC(=O)C([C@@H](C(Oc1ccc(Cc2ccccc2)cc1)=NC(C)(C)C)c3ccccc3)C(=O)OC(C)C,5.82,1.0,0.02,10.1021/acs.orglett.1c01792,IF,1.1106870229007633,1.247863247863248
19394,11540,21238,COc1ccc(S[C@](O)(C(=O)OC(C)(C)C)[Si](C)(c2ccccc2)c3ccccc3)cc1,5.79,1.0,0.1,10.1039/D1SC01096D,IF,1.1347150259067358,1.2698961937716264
19395,11540,21237,COc1ccc(S[C@@](O)(C(=O)OC(C)(C)C)[Si](C)(c2ccccc2)c3ccccc3)cc1,6.57,1.0,0.1,10.1039/D1SC01096D,IF,1.1347150259067358,1.2698961937716264
19468,11591,21326,CC(C)CS[C@](O)(C(=O)OC(C)(C)C)[Si](C)(c1ccccc1)c2ccccc2,5.91,1.0,0.03,10.1039/D1SC01096D,IF,1.7986463620981388,2.568106312292359
19469,11591,21325,CC(C)CS[C@@](O)(C(=O)OC(C)(C)C)[Si](C)(c1ccccc1)c2ccccc2,10.63,1.0,0.03,10.1039/D1SC01096D,IF,1.7986463620981388,2.568106312292359
19740,11788,21658,CCOC(=O)/C=C/[C@@H](CC)N1CC(C)(C)OC1=O,52.2,0.5,0.1,10.1039/C9SC04073K,IF,1.090038314176245,1.1012931034482758
19741,11788,21659,CCOC(=O)/C=C/[C@H](CC)N1CC(C)(C)OC1=O,56.9,0.5,0.1,10.1039/C9SC04073K,IF,1.090038314176245,1.1012931034482758
19866,11879,21813,Cc1cccc(c1)C(=C)C[C@@](C)(C=O)c2ccccc2,6.078,1.0,0.1,10.1016/j.chempr.2018.03.010,IF,1.0855544587035209,1.1636249213341725
19867,11879,21812,Cc1cccc(c1)C(=C)C[C@](C)(C=O)c2ccccc2,6.598,1.0,0.1,10.1016/j.chempr.2018.03.010,IF,1.0855544587035209,1.1636249213341725
19868,11880,21815,C[C@](C/C=C/c1ccc(Cl)cc1)(C=O)c2ccccc2,6.084,1.0,0.1,10.1016/j.chempr.2018.03.010,IF,1.0900723208415517,1.1721105527638191
19869,11880,21814,C[C@@](C/C=C/c1ccc(Cl)cc1)(C=O)c2ccccc2,6.632,1.0,0.1,10.1016/j.chempr.2018.03.010,IF,1.0900723208415517,1.1721105527638191
20006,11966,21970,CC(C)(C)OC(=O)[C@@](O)(SC1CCCC1)[Si](C)(c2ccccc2)c3ccccc3,6.27,1.0,0.03,10.1039/D1SC01096D,IF,1.6650717703349285,2.237388724035608
20007,11966,21969,CC(C)(C)OC(=O)[C@](O)(SC1CCCC1)[Si](C)(c2ccccc2)c3ccccc3,10.44,1.0,0.03,10.1039/D1SC01096D,IF,1.6650717703349285,2.237388724035608
20050,11995,22021,CCCCCCCS[C@](O)(C(=O)OC(C)(C)C)[Si](C)(c1ccccc1)c2ccccc2,6.32,1.0,0.03,10.1039/D1SC01096D,IF,1.7452531645569618,2.37719298245614
20051,11995,22020,CCCCCCCS[C@@](O)(C(=O)OC(C)(C)C)[Si](C)(c1ccccc1)c2ccccc2,11.03,1.0,0.03,10.1039/D1SC01096D,IF,1.7452531645569618,2.37719298245614
20078,12010,22050,C[C@](C\C=C\c1ccc(Cl)cc1)(C=O)c2ccc(Br)cc2,6.357,1.0,0.1,10.1016/j.chempr.2018.03.010,IF,1.09249646059462,1.1700896731269883
20079,12010,22049,C[C@@](C\C=C\c1ccc(Cl)cc1)(C=O)c2ccc(Br)cc2,6.945,1.0,0.1,10.1016/j.chempr.2018.03.010,IF,1.09249646059462,1.1700896731269883
20120,12037,22098,CCCCCCS[C@](O)(C(=O)OC(C)(C)C)[Si](C)(c1ccccc1)c2ccccc2,6.42,1.0,0.03,10.1039/D1SC01096D,IF,1.7461059190031154,2.3607954545454546
20121,12037,22097,CCCCCCS[C@@](O)(C(=O)OC(C)(C)C)[Si](C)(c1ccccc1)c2ccccc2,11.21,1.0,0.03,10.1039/D1SC01096D,IF,1.7461059190031154,2.3607954545454546
20384,12205,22398,CCCCS[C@](O)(C(=O)OC(C)(C)C)[Si](C)(c1ccccc1)c2ccccc2,6.84,1.0,0.03,10.1039/D1SC01096D,IF,1.8830409356725148,2.532994923857868
20385,12205,22397,CCCCS[C@@](O)(C(=O)OC(C)(C)C)[Si](C)(c1ccccc1)c2ccccc2,12.88,1.0,0.03,10.1039/D1SC01096D,IF,1.8830409356725148,2.532994923857868
20404,12217,22420,COc1cccc(c1)[C@H](C)c2cocc2,6.87,0.6,0.02,10.1021/jacs.0c09125,IF,1.064046579330422,1.216039279869067
20405,12217,22419,COc1cccc(c1)[C@@H](C)c2cocc2,7.31,0.6,0.02,10.1021/jacs.0c09125,IF,1.064046579330422,1.216039279869067
20416,12225,22434,CCO[Si](CCCS[C@](O)(C(=O)OC(C)(C)C)[Si](C)(c1ccccc1)c2ccccc2)(OCC)OCC,6.9,1.0,0.03,10.1039/D1SC01096D,IF,1.8144927536231883,2.405
20417,12225,22433,CCO[Si](CCCS[C@@](O)(C(=O)OC(C)(C)C)[Si](C)(c1ccccc1)c2ccccc2)(OCC)OCC,12.52,1.0,0.03,10.1039/D1SC01096D,IF,1.8144927536231883,2.405
20432,12234,22451,CC[C@@H](c1ccccc1)c2oc(nn2)c3cccc(C)c3,6.9,1.0,0.2,10.1002/anie.202009527,IF,1.072463768115942,1.125
20433,12234,22450,CC[C@H](c1ccccc1)c2oc(nn2)c3cccc(C)c3,7.4,1.0,0.2,10.1002/anie.202009527,IF,1.072463768115942,1.125
20636,12387,22706,COc1ccccc1[C@@](C)(C/C=C/c2ccc(Cl)cc2)C=O,7.0,1.0,0.1,10.1016/j.chempr.2018.03.010,IF,1.0975714285714286,1.1665853658536585
20637,12387,22705,COc1ccccc1[C@](C)(C/C=C/c2ccc(Cl)cc2)C=O,7.683,1.0,0.1,10.1016/j.chempr.2018.03.010,IF,1.0975714285714286,1.1665853658536585
20672,12409,22746,COc1cccc(CN(C)[C@@H](\C=C\C(=O)n2nc(C)c(C)c2C)c3ccccc3)c1,7.052,1.0,0.05,10.1021/jacs.1c04367,IF,1.1223766307430516,1.2078516377649329
20673,12409,22745,COc1cccc(CN(C)[C@H](\C=C\C(=O)n2nc(C)c(C)c2C)c3ccccc3)c1,7.915,1.0,0.05,10.1021/jacs.1c04367,IF,1.1223766307430516,1.2078516377649329
20686,12419,22762,C[C@@](C/C=C/c1ccccc1Br)(C=O)c2ccccc2,6.172,1.0,0.1,10.1016/j.chempr.2018.03.010,IF,1.150194426441996,1.283312958435208
20687,12419,22763,C[C@](C/C=C/c1ccccc1Br)(C=O)c2ccccc2,7.099,1.0,0.1,10.1016/j.chempr.2018.03.010,IF,1.150194426441996,1.283312958435208
20714,12440,22798,CC[C@@H](c1ccccc1)c2oc(nn2)c3ccc(cc3)C(C)(C)C,7.1,1.0,0.2,10.1002/anie.202009527,IF,1.23943661971831,1.404761904761905
20715,12440,22797,CC[C@H](c1ccccc1)c2oc(nn2)c3ccc(cc3)C(C)(C)C,8.8,1.0,0.2,10.1002/anie.202009527,IF,1.23943661971831,1.404761904761905
20728,12448,22813,CC(C)(C)OC(=O)[C@@](O)(SCC=C)[Si](C)(C)c1ccccc1,7.13,1.0,0.03,10.1039/D1SC01096D,IF,1.755960729312763,2.274231678486997
20729,12448,22812,CC(C)(C)OC(=O)[C@](O)(SCC=C)[Si](C)(C)c1ccccc1,12.52,1.0,0.03,10.1039/D1SC01096D,IF,1.755960729312763,2.274231678486997
20834,12513,22930,Cc1nn(c(C)c1C)C(=O)\C=C/[C@@H](N(CCCO)Cc2ccccc2)c3ccc(cc3)C(F)(F)F,6.677,1.0,0.1,10.1021/jacs.1c04367,IF,1.088812340871649,1.1570029123643102
20835,12513,22931,Cc1nn(c(C)c1C)C(=O)\C=C/[C@H](N(CCCO)Cc2ccccc2)c3ccc(cc3)C(F)(F)F,7.27,1.0,0.1,10.1021/jacs.1c04367,IF,1.088812340871649,1.1570029123643102
20874,12537,22975,CC[C@H](c1oc(nn1)c2ccc(cc2)C(F)(F)F)c3ccccc3,7.3,1.0,0.1,10.1002/anie.202009527,IF,1.1369863013698631,1.2272727272727273
20875,12537,22974,CC[C@@H](c1oc(nn1)c2ccc(cc2)C(F)(F)F)c3ccccc3,8.3,1.0,0.1,10.1002/anie.202009527,IF,1.1369863013698631,1.2272727272727273
21164,12712,23295,CC(C)(C)OC(=O)[C@@](O)(SCCc1ccccc1)[Si](C)(c2ccccc2)c3ccccc3,7.65,1.0,0.03,10.1039/D1SC01096D,IF,1.8862745098039213,2.4273684210526314
21165,12712,23294,CC(C)(C)OC(=O)[C@](O)(SCCc1ccccc1)[Si](C)(c2ccccc2)c3ccccc3,14.43,1.0,0.03,10.1039/D1SC01096D,IF,1.8862745098039213,2.4273684210526314
21236,12769,23387,C[C@@](C/C=C/c1occc1)(C=O)c2ccccc2,6.696,1.0,0.1,10.1016/j.chempr.2018.03.010,IF,1.1551672640382318,1.2737091675447842
21237,12769,23388,C[C@](C/C=C/c1occc1)(C=O)c2ccccc2,7.735,1.0,0.1,10.1016/j.chempr.2018.03.010,IF,1.1551672640382318,1.2737091675447842
21254,12780,23408,CC(C)(C)OC(=O)[C@@](O)(SCc1ccccc1)[Si](C)(c2ccccc2)c3ccccc3,7.78,1.0,0.05,10.1039/D1SC01096D,IF,1.543701799485861,1.866803278688524
21255,12780,23407,CC(C)(C)OC(=O)[C@](O)(SCc1ccccc1)[Si](C)(c2ccccc2)c3ccccc3,12.01,1.0,0.05,10.1039/D1SC01096D,IF,1.543701799485861,1.866803278688524
21316,12816,23475,COc1ccc(CS[C@](O)(C(=O)OC(C)(C)C)[Si](C)(C)c2ccccc2)cc1,7.82,1.0,0.1,10.1039/D1SC01096D,IF,1.510230179028133,1.8109756097560976
21317,12816,23474,COc1ccc(CS[C@@](O)(C(=O)OC(C)(C)C)[Si](C)(C)c2ccccc2)cc1,11.81,1.0,0.1,10.1039/D1SC01096D,IF,1.510230179028133,1.8109756097560976
21328,12824,23489,COC(=O)CCS[C@](O)(C(=O)OC(C)(C)C)[Si](C)(c1ccccc1)c2ccccc2,7.86,1.0,0.1,10.1039/D1SC01096D,IF,1.681933842239186,2.080645161290322
21329,12824,23488,COC(=O)CCS[C@@](O)(C(=O)OC(C)(C)C)[Si](C)(c1ccccc1)c2ccccc2,13.22,1.0,0.1,10.1039/D1SC01096D,IF,1.681933842239186,2.080645161290322
21336,12829,23498,C[C@@]1(Nc2ccc(cc2)C#N)C(=O)Nc3ccccc13,7.88,1.0,0.15,10.1002/chem.202100829,IF,1.3401015228426396,1.5381526104417669
21337,12829,23497,C[C@]1(Nc2ccc(cc2)C#N)C(=O)Nc3ccccc13,10.56,1.0,0.15,10.1002/chem.202100829,IF,1.3401015228426396,1.5381526104417669
21594,13002,23800,Cc1ccc(cc1)[Si](C)(C)[C@](O)(SCc2ccccc2)C(=O)OC(C)(C)C,8.1,1.0,0.03,10.1039/D1SC01096D,IF,1.2617283950617286,1.407692307692308
21595,13002,23799,Cc1ccc(cc1)[Si](C)(C)[C@@](O)(SCc2ccccc2)C(=O)OC(C)(C)C,10.22,1.0,0.03,10.1039/D1SC01096D,IF,1.2617283950617286,1.407692307692308
21702,13070,23922,CC(C)[C@]1(CN(C(=O)OC(C)(C)C)c2ccc(cc12)C(F)(F)F)CC3=CCCCC3,8.2,0.5,0.01,10.1002/anie.201907840,IF,1.0365853658536586,1.1250000000000002
21703,13070,23921,CC(C)[C@@]1(CN(C(=O)OC(C)(C)C)c2ccc(cc12)C(F)(F)F)CC3=CCCCC3,8.5,0.5,0.01,10.1002/anie.201907840,IF,1.0365853658536586,1.1250000000000002
21750,13099,23974,C[C@@](C\C=C\c1ccccc1)(C=O)c2ccccc2,7.49,1.0,0.1,10.1016/j.chempr.2018.03.010,IF,1.105473965287049,1.1721132897603483
21751,13099,23975,C[C@](C\C=C\c1ccccc1)(C=O)c2ccccc2,8.28,1.0,0.1,10.1016/j.chempr.2018.03.010,IF,1.105473965287049,1.1721132897603483
21754,13103,23980,C[C@@](C\C=C\c1ccc(cc1)C(F)(F)F)(C=O)c2ccccc2,5.578,1.0,0.1,10.1016/j.chempr.2018.03.010,IF,1.4858372176407315,2.011949215832711
21755,13103,23981,C[C@](C\C=C\c1ccc(cc1)C(F)(F)F)(C=O)c2ccccc2,8.288,1.0,0.1,10.1016/j.chempr.2018.03.010,IF,1.4858372176407315,2.011949215832711
21888,13191,24135,CC(C)(C)c1cccc(C[C@@]2(C)COc3ccccc23)c1,8.0,0.5,0.01,10.1002/anie.201907840,IF,1.05,1.181818181818182
21889,13191,24136,CC(C)(C)c1cccc(C[C@]2(C)COc3ccccc23)c1,8.4,0.5,0.01,10.1002/anie.201907840,IF,1.05,1.181818181818182
21940,13225,24196,COc1cccc(c1)C(=C)C[C@@](C)(C=O)c2ccccc2,8.482,1.0,0.1,10.1016/j.chempr.2018.03.010,IF,1.179910398490922,1.2733787173056252
21941,13225,24195,COc1cccc(c1)C(=C)C[C@](C)(C=O)c2ccccc2,10.008,1.0,0.1,10.1016/j.chempr.2018.03.010,IF,1.179910398490922,1.2733787173056252
22236,13399,24518,CC[C@@H](c1ccccc1)c2oc(nn2)c3ccc(C)cc3,8.8,1.0,0.2,10.1002/anie.202009527,IF,1.25,1.3728813559322033
22237,13399,24517,CC[C@H](c1ccccc1)c2oc(nn2)c3ccc(C)cc3,11.0,1.0,0.2,10.1002/anie.202009527,IF,1.25,1.3728813559322033
22376,13486,24675,CCOC(=O)[C@@H]1O[C@]1(C(=O)OC)C(=O)C(=O)c2ccccc2,8.92,1.0,0.2,10.1021/acs.orglett.0c02108,IF,1.2937219730941705,1.4352159468438537
22377,13486,24674,CCOC(=O)[C@H]1O[C@]1(C(=O)OC)C(=O)C(=O)c2ccccc2,11.54,1.0,0.2,10.1021/acs.orglett.0c02108,IF,1.2937219730941705,1.4352159468438537
22432,13528,24744,CCOC(=O)/C=C/[C@@H](CCCC(=O)OC)N1CCSC1=O,83.6,1.0,0.08,10.1039/C9SC04073K,IF,1.068181818181818,1.0706319702602232
22433,13528,24745,CCOC(=O)/C=C/[C@H](CCCC(=O)OC)N1CCSC1=O,89.3,1.0,0.08,10.1039/C9SC04073K,IF,1.068181818181818,1.0706319702602232
22486,13561,24804,C[C@@](C/C=C/c1cccc(Cl)c1)(C=O)c2ccccc2,6.563,1.0,0.1,10.1016/j.chempr.2018.03.010,IF,1.373609629742496,1.6693966693966695
22487,13561,24805,C[C@](C/C=C/c1cccc(Cl)c1)(C=O)c2ccccc2,9.015,1.0,0.1,10.1016/j.chempr.2018.03.010,IF,1.373609629742496,1.6693966693966695
22594,13624,24921,COc1ccccc1\C=C\C[C@](C)(C=O)c2ccccc2,6.726,1.0,0.1,10.1016/j.chempr.2018.03.010,IF,1.3595004460303302,1.6319916361735494
22595,13624,24922,COc1ccccc1\C=C\C[C@@](C)(C=O)c2ccccc2,9.144,1.0,0.1,10.1016/j.chempr.2018.03.010,IF,1.3595004460303302,1.6319916361735494
22682,13680,25022,CC(C)S[C@](O)(C(=O)OC(C)(C)C)[Si](C)(c1ccccc1)c2ccccc2,9.25,1.0,0.01,10.1039/D1SC01096D,IF,1.5935135135135134,1.8645669291338585
22683,13680,25021,CC(C)S[C@@](O)(C(=O)OC(C)(C)C)[Si](C)(c1ccccc1)c2ccccc2,14.74,1.0,0.01,10.1039/D1SC01096D,IF,1.5935135135135134,1.8645669291338585
22714,13699,25057,CC[C@H](c1oc(nn1)c2ccc(Br)cc2)c3ccccc3,9.3,1.0,0.15,10.1002/anie.202009527,IF,1.2150537634408602,1.3125
22715,13699,25056,CC[C@@H](c1oc(nn1)c2ccc(Br)cc2)c3ccccc3,11.3,1.0,0.15,10.1002/anie.202009527,IF,1.2150537634408602,1.3125
22736,13710,25078,Cc1cc(C)c(c(C)c1)[P@](=O)(CC(=C)C(=O)OCc2ccccc2)c3cc(cc(c3)C(C)(C)C)C(C)(C)C,6.6,0.8,0.3,10.1039/D0SC04041J,IF,1.4090909090909092,1.907563025210084
22737,13710,25079,Cc1cc(C)c(c(C)c1)[P@@](=O)(CC(=C)C(=O)OCc2ccccc2)c3cc(cc(c3)C(C)(C)C)C(C)(C)C,9.3,0.8,0.3,10.1039/D0SC04041J,IF,1.4090909090909092,1.907563025210084
22790,13747,25143,CC(C)[C@]1(CN(C(=O)OC(C)(C)C)c2ccccc12)CC3=CCCCC3,9.4,0.5,0.01,10.1002/anie.201907840,IF,1.0638297872340423,1.1666666666666663
22791,13747,25142,CC(C)[C@@]1(CN(C(=O)OC(C)(C)C)c2ccccc12)CC3=CCCCC3,10.0,0.5,0.01,10.1002/anie.201907840,IF,1.0638297872340423,1.1666666666666663
22894,13810,25258,CC(C)(C)OC(=O)[C@@](O)(SCc1ccc(Cl)cc1)[Si](C)(C)c2ccccc2,9.49,1.0,0.03,10.1039/D1SC01096D,IF,1.679662802950474,1.9787556904400607
22895,13810,25257,CC(C)(C)OC(=O)[C@](O)(SCc1ccc(Cl)cc1)[Si](C)(C)c2ccccc2,15.94,1.0,0.03,10.1039/D1SC01096D,IF,1.679662802950474,1.9787556904400607
22948,13844,25318,C[C@@](C/C=C/c1cccc(Cl)c1)(C=O)c2ccccc2,6.765,1.0,0.1,10.1021/acs.orglett.8b00740,IF,1.404730229120473,1.7084087968952135
22949,13844,25319,C[C@](C/C=C/c1cccc(Cl)c1)(C=O)c2ccccc2,9.503,1.0,0.1,10.1021/acs.orglett.8b00740,IF,1.404730229120473,1.7084087968952135
22954,13849,25327,C[C@@H](c1ccccc1)c2ccc(cc2)c3ccccc3,9.52,1.0,0.02,10.1021/jacs.0c09125,IF,1.1029411764705883,1.148036253776435
22955,13849,25326,C[C@H](c1ccccc1)c2ccc(cc2)c3ccccc3,10.5,1.0,0.02,10.1021/jacs.0c09125,IF,1.1029411764705883,1.148036253776435
22960,13852,25333,CCOC(=O)[C@@H]1O[C@]1(C(=O)OC(C)(C)C)C(=Nc2ccccc2)C(=O)c3ccccc3,9.54,1.0,0.1,10.1021/acs.orglett.0c02108,IF,1.1509433962264153,1.2168674698795183
22961,13852,25332,CCOC(=O)[C@H]1O[C@]1(C(=O)OC(C)(C)C)C(=Nc2ccccc2)C(=O)c3ccccc3,10.98,1.0,0.1,10.1021/acs.orglett.0c02108,IF,1.1509433962264153,1.2168674698795183
23144,13961,25533,CC(C)(C)c1ccc2OCC[C@](C)(Cc3ccccc3)c2c1,9.1,0.5,0.01,10.1002/anie.201907840,IF,1.065934065934066,1.1818181818181817
23145,13961,25534,CC(C)(C)c1ccc2OCC[C@@](C)(Cc3ccccc3)c2c1,9.7,0.5,0.01,10.1002/anie.201907840,IF,1.065934065934066,1.1818181818181817
23178,13982,25571,C[C@@](C/C=C/c1ccc(F)cc1)(C=O)c2ccccc2,8.954,1.0,0.1,10.1016/j.chempr.2018.03.010,IF,1.0888988161715434,1.1314833168153289
23179,13982,25572,C[C@](C/C=C/c1ccc(F)cc1)(C=O)c2ccccc2,9.75,1.0,0.1,10.1016/j.chempr.2018.03.010,IF,1.0888988161715434,1.1314833168153289
23204,13996,25599,CC(C)(C)OC(=O)[C@@](O)(SCc1ccc(F)cc1)[Si](C)(C)c2ccccc2,9.78,1.0,0.03,10.1039/D1SC01096D,IF,1.7494887525562373,2.0654069767441863
23205,13996,25598,CC(C)(C)OC(=O)[C@](O)(SCc1ccc(F)cc1)[Si](C)(C)c2ccccc2,17.11,1.0,0.03,10.1039/D1SC01096D,IF,1.7494887525562373,2.0654069767441863
23364,14097,25780,CC(C)(C)OC(=O)[C@@](O)(SCc1ccccc1)[Si](C=C)(c2ccccc2)c3ccccc3,9.91,1.0,0.03,10.1039/D1SC01096D,IF,1.62058526740666,1.877318116975749
23365,14097,25779,CC(C)(C)OC(=O)[C@](O)(SCc1ccccc1)[Si](C=C)(c2ccccc2)c3ccccc3,16.06,1.0,0.03,10.1039/D1SC01096D,IF,1.62058526740666,1.877318116975749
23386,14110,25804,CC(C)(C)OC(=O)[C@@](O)(SCc1ccccc1Cl)[Si](C)(C)c2ccccc2,9.95,1.0,0.03,10.1039/D1SC01096D,IF,1.4814070351758797,1.6794326241134754
23387,14110,25803,CC(C)(C)OC(=O)[C@](O)(SCc1ccccc1Cl)[Si](C)(C)c2ccccc2,14.74,1.0,0.03,10.1039/D1SC01096D,IF,1.4814070351758797,1.6794326241134754
23404,14121,25824,CC(C)(C)OC(=O)[C@@](O)(SCc1ccc(Cl)c(Cl)c1)[Si](C)(c2ccccc2)c3ccccc3,9.99,1.0,0.03,10.1039/D1SC01096D,IF,1.7167167167167166,2.009873060648801
23405,14121,25823,CC(C)(C)OC(=O)[C@](O)(SCc1ccc(Cl)c(Cl)c1)[Si](C)(c2ccccc2)c3ccccc3,17.15,1.0,0.03,10.1039/D1SC01096D,IF,1.7167167167167166,2.009873060648801
